AHYN,VCXZJQTTP,高一,8,物化地,女
VVZH,WLLGHGKEE,高一,20,物化地,女
ZCPQ,UGKFOWYXZ,高一,13,物化地,男
UUGR,QFVWVWPPM,高一,12,物化地,男
NIWN,UOSRUBPAZ,高一,4,物化地,男
FIQX,MSGLUZYLP,高一,4,物化地,男
GDFJ,UZRQNUVTQ,高一,17,物化地,男
CPWP,WMUANXDQB,高一,15,物化地,女
HXFB,HCQBSYHQQ,高一,9,物化地,男
MLKP,FHJZIIFZQ,高一,13,物化地,男
NNPE,IFGXPZIHF,高一,7,物化地,女
JELF,PSVAUEROR,高一,11,物化地,男
TJMT,FPORIIMZP,高一,20,物化地,女
YKUQ,KPVTHBIWY,高一,10,物化地,男
KPZO,YGZCFZTHV,高一,4,物化地,女
GMWN,DFCCIKOQU,高一,8,物化地,女
YLMB,RBATOZAOB,高一,13,物化地,男
YUPM,LJVGAPRDX,高一,3,物化地,男
KKTL,MJNIEPAEK,高一,3,物化地,男
EPTN,BQIZQTVHY,高一,13,物化地,女
ODMP,KWZVPNPOW,高一,12,物化地,男
XDSY,BFXUXONJX,高一,19,物化地,男
TDSG,QIPZAYKOU,高一,7,物化地,男
KVFP,XPGEMPDVJ,高一,20,物化地,女
ZENE,YCOBVMGWN,高一,2,物化地,男
OMWB,GLTHDQSDF,高一,11,物化地,女
QORI,BSESGEDFH,高一,15,物化地,男
GFSU,UZCIIGFTV,高一,8,物化地,女
WQHC,JHWRWUSAF,高一,6,物化地,女
TESK,QDABSMYXF,高一,20,物化地,女
ZMKH,FYOCQZXLZ,高一,3,物化地,女
XSSM,VIARKIPBF,高一,10,物化地,男
BVNO,JGZVXEBZC,高一,16,物化地,男
BNWA,LNWWCSEHY,高一,12,物化地,男
CFXW,GRBZUYPAJ,高一,3,物化地,男
KHGB,RPMFUPBHC,高一,13,物化地,女
YIBA,OEGPDTTGN,高一,20,物化地,女
BBVQ,ZMIOAPSWY,高一,3,物化地,男
SOPQ,NEQJZKCPP,高一,20,物化地,男
ZFOV,NWJHDMOIY,高一,10,物化地,男
RIUS,KDCPTKUTZ,高一,2,物化地,女
XSQF,RXOYFKHXX,高一,11,物化地,女
VQWE,LRMEJDLUA,高一,4,物化地,女
GHTX,SZNAJNHCP,高一,20,物化地,男
CDZU,ZLMNNVLFB,高一,20,物化地,男
OJTL,OURQWPNIC,高一,3,物化地,男
LNTX,BZTMVAFOW,高一,10,物化地,女
UMRJ,ILRDMLPFQ,高一,20,物化地,男
DXXW,SIQYISTZM,高一,15,物化地,女
ATLG,XNNYOEGKN,高一,5,物化地,女
FGKY,TDTVIFZOG,高一,7,物化地,男
WTBI,PGKQPVEHS,高一,11,物化地,女
KOLY,GSLCPXYYI,高一,20,物化地,男
BDNI,KCMJOUQNV,高一,3,物化地,女
HLQA,NIKKGKCLM,高一,6,物化地,男
HDOJ,RQSBWSLPP,高一,14,物化地,女
MSKK,IZENZLDDU,高一,8,物化地,女
IVFX,VJAOPVCXT,高一,11,物化地,女
JAHH,HUQPOUARQ,高一,13,物化地,女
NJMB,BAQAIZZFY,高一,19,物化地,女
IOCL,JKFNBKOKQ,高一,16,物化地,男
BJAR,CVBGMKZKF,高一,14,物化地,女
IINT,UFBDGYJBC,高一,2,物化地,女
YDWC,BTJXPDHGJ,高一,12,物化地,女
OLDV,DTTSUFOVO,高一,11,物化地,男
RDXR,MRNYCDNJW,高一,18,物化地,女
HOPB,ZIQBRFORK,高一,6,物化地,女
UYJZ,CQMQVVXMV,高一,19,物化地,男
HWYY,PQJISGDZB,高一,19,物化地,女
JOJU,QOBCIHTXV,高一,9,物化地,男
XOTH,AHHUSILEA,高一,3,物化地,男
YWML,BYMZBOQSS,高一,18,物化地,女
HVRG,SEAFYYXND,高一,8,物化地,女
JLFZ,YXUIQQGIH,高一,3,物化地,女
GDZD,BNKUZXFQV,高一,4,物化地,女
SBTU,GZKQVHCGB,高一,4,物化地,女
MBXU,DIOWRFINI,高一,18,物化地,女
TOFF,FDFZDXTKH,高一,15,物化地,女
UVNC,GHGOTQVHW,高一,10,物化地,男
MRSW,UBZCLJJXS,高一,8,物化地,女
PSAZ,OLSZTUOHY,高一,14,物化地,女
WNMO,UUCZNAIJB,高一,2,物化地,男
HIJO,MUYSXMTNC,高一,4,物化地,男
CIVV,RIBTOSGJN,高一,4,物化地,女
JGOB,ZGKNVAQZG,高一,9,物化地,女
NQPN,HLXDWLTON,高一,5,物化地,男
ZCKW,BBYVXQPDZ,高一,19,物化地,男
KVNH,XNILQDXJU,高一,16,物化地,女
AKEB,UHJFDDALY,高一,7,物化地,女
JMTD,RXSBXCGDE,高一,19,物化地,男
WHVY,RAIWNXPZD,高一,16,物化地,女
FGKJ,TJUCIOJPS,高一,10,物化地,男
EISU,CDIQQAPXI,高一,9,物化地,女
TXHA,DHVTRHHYM,高一,9,物化地,男
PTMU,OEZNUYLOJ,高一,6,物化地,女
BUDQ,GTEQAQHSA,高一,13,物化地,女
NBHM,XFJUCMXMR,高一,16,物化地,女
YKNH,HCJPWKLBJ,高一,20,物化地,女
XFXA,KTEUXPZJJ,高一,20,物化地,女
OXQX,WRYETUNEK,高一,14,物化地,女
PKJL,PVHTAKCDE,高一,5,物化地,男
MZZQ,WPJQVPCIR,高一,6,物化地,男
ATSJ,UBJBWEWQU,高一,10,物化地,女
PFAE,IZJMTJOLT,高一,3,物化地,男
FEDF,PDDXQYDQA,高一,16,物化地,女
YUUJ,UOVHTZUEF,高一,12,物化地,女
KKOL,ZULYUVLCE,高一,5,物化地,男
RXJO,TXOXZEHEJ,高一,4,物化地,男
AQKD,QYDTIXDTB,高一,2,物化地,男
NVFE,QPLRKSQJH,高一,9,物化地,女
WPVL,RHEOYNTCQ,高一,20,物化地,男
UHVH,JLBKSNWCX,高一,5,物化地,女
WRWT,KVJZTFFKK,高一,18,物化地,女
CFDU,CJPTTPDTP,高一,12,物化地,男
HKXF,WZOSDSPBQ,高一,19,物化地,女
HFJP,EPMKJTJHJ,高一,11,物化地,男
NSSW,SXRYMSYMD,高一,5,物化地,男
GYXL,NQMCESERB,高一,12,物化地,女
HIJJ,BMBKNNOPX,高一,5,物化地,女
FHEV,XTFKXZEFD,高一,4,物化地,男
ARYX,SDCHHFJCI,高一,7,物化地,女
MOZB,SWTXNHVSH,高一,17,物化地,女
CAFP,KQOEQBXPU,高一,3,物化地,男
HFMO,GBJQBSJKN,高一,11,物化地,女
VWGR,IMCJRYYSO,高一,5,物化地,女
VGON,TRVSGUJKZ,高一,2,物化地,女
AUAT,QIEHBGMFU,高一,11,物化地,女
TDQL,TIREZBEZV,高一,2,物化地,男
ZAHY,GJAQZJYMJ,高一,4,物化地,男
NGGY,ONVVZSSKP,高一,4,物化地,男
QLJD,NIQYXMYFF,高一,18,物化地,男
SDJH,XWKUZFKBR,高一,18,物化地,男
CMLT,DKYUOWOOW,高一,8,物化地,男
PEDZ,XJEMCCFVM,高一,10,物化地,女
FLOD,AAYNVHGNI,高一,10,物化地,女
FSRK,GRRCERUOT,高一,18,物化地,女
KEUT,LGFEWYVSU,高一,20,物化地,女
FGTN,SWAQDHXMY,高一,6,物化地,男
EKNT,CUMMZUCWE,高一,5,物化地,男
GARJ,YARSFVJXS,高一,16,物化地,女
XKPX,VBMDSNXXA,高一,10,物化地,女
EINO,EVUWACBEH,高一,20,物化地,男
CVGZ,VFYQNTCMU,高一,12,物化地,男
MDTH,LGECUFXRC,高一,13,物化地,女
RUNW,TYLVALBGT,高一,13,物化地,女
KOOX,KOGXSMGQZ,高一,7,物化地,女
DVJJ,IQHCOIIBM,高一,20,物化地,男
DMPS,LRNLSMIAS,高一,20,物化地,女
TVKN,KFCMMLAJN,高一,17,物化地,男
HHKW,LLWSFKSYN,高一,13,物化地,女
OJOP,ARKZGMQVH,高一,12,物化地,女
BMML,BUTKTZJOF,高一,19,物化地,男
TEBK,EMIFKYSFH,高一,7,物化地,男
WSUC,QSXXGQUZP,高一,5,物化地,男
VVZQ,ESGBUILWC,高一,14,物化地,女
QLYQ,TIXWFXEAQ,高一,10,物化地,女
FNWC,KUWVNGAVS,高一,8,物化地,男
YMBV,PTPOREJCX,高一,18,物化地,男
CBHR,OAAQKZESP,高一,15,物化地,女
ZMLO,FNJCGCJME,高一,14,物化地,男
VWPJ,LZOIJUOTG,高一,13,物化地,男
UBWY,KYVXIBOVG,高一,17,物化地,女
TVWT,UJGFSKHQT,高一,15,物化地,女
UGTO,WVLPOFJFH,高一,20,物化地,女
AQNM,SGJWUBOBS,高一,20,物化地,女
YICX,BPIRGPYBI,高一,19,物化地,女
WAPZ,SZNNVAQNK,高一,3,物化地,女
FARK,PMTOEBGLD,高一,10,物化地,女
INNX,SPWYLLSLB,高一,3,物化地,女
ZTUU,JCEBSVOBU,高一,20,物化地,男
JFAR,XNDHKNEQA,高一,11,物化地,男
QZRO,NKEHSWYPC,高一,14,物化地,男
TSDQ,PRBLCOZEE,高一,17,物化地,男
JWSM,DJCJLIEGP,高一,13,物化地,男
MTCJ,KUVKZHDWL,高一,20,物化地,女
HGHE,UQYAWMDRV,高一,12,物化地,男
DCQU,NYSPKZDQR,高一,2,物化地,女
PDOS,EREGITLZU,高一,7,物化地,男
YRTJ,UIZBXHECG,高一,19,物化地,女
RXYA,VXFYQXGKN,高一,18,物化地,女
UAYK,XSFFTVPSS,高一,8,物化地,女
RQRX,JNOWMQPMW,高一,20,物化地,男
OYCR,FHZSMNGZT,高一,13,物化地,女
EXUW,FXLBPIPGM,高一,18,物化地,女
WJXN,CPYEHXZLZ,高一,2,物化地,女
XPQJ,JUMTGKHOB,高一,16,物化地,女
FNBK,IEDPQWTEO,高一,11,物化地,女
NCPD,LNMYLUGLO,高一,19,物化地,女
QMOK,JZPOQDATY,高一,4,物化地,男
IALX,OEIZHDFCG,高一,11,物化地,女
OAPE,XQEBWAYDG,高一,5,物化地,女
NMVB,VCIECGGJL,高一,18,物化地,女
TQLZ,XBAMVOMJD,高一,7,物化地,女
FSVX,BYIGNADBO,高一,2,物化地,男
CZKU,LAPSQFNBV,高一,16,物化地,男
KTAP,OXHZWHSEL,高一,6,物化地,女
HPWG,CUOJQFGCC,高一,9,物化地,男
YZPD,OWPMIRVXF,高一,2,物化地,女
HPYZ,OWWMXOSVX,高一,14,物化地,女
QKZC,MHHDLPVHI,高一,9,物化地,女
WVBN,XPNTKBQHZ,高一,5,物化地,女
WTCV,NWVIWSGND,高一,5,物化地,女
QFXS,DFPCVARUE,高一,4,物化地,女
MXPJ,UPXUILZIB,高一,17,物化地,女
YAOX,SQBASUPCX,高一,16,物化地,女
ATFH,NYXXAIRAP,高一,3,物化地,女
CVXX,KJIZRRMHH,高一,14,物化地,男
KYTG,TGIRLFKVR,高一,17,物化地,女
JOKR,JCRQPJJCL,高一,6,物化地,男
FCXA,ZRZCJUNIL,高一,5,物化地,女
NETA,TISODYIBA,高一,15,物化地,女
AUQG,QUVZWOFFN,高一,14,物化地,女
RNDM,ZMXLEZSQP,高一,18,物化地,男
ZPHW,CKUUIMNYY,高一,14,物化地,男
DZYI,BUKYMJNEI,高一,8,物化地,男
FAYA,ABCHJELYU,高一,8,物化地,女
CBJR,TMSPNXXCA,高一,7,物化地,女
OQGE,GCEWRBDNY,高一,15,物化地,女
VPPX,LBKNJYWYQ,高一,11,物化地,女
ZYJS,DGUNGQJUI,高一,18,物化地,女
JTTY,QNLITGZDV,高一,8,物化地,男
XZUV,LIAHJSENW,高一,20,物化地,女
YLDV,WBLYYRJGK,高一,5,物化地,女
AYBS,HCKAOLASK,高一,4,物化地,女
WUXK,ARLNTJMEC,高一,4,物化地,男
FBMF,PPAWOKOFI,高一,17,物化地,女
PZVR,WTVEAFFQE,高一,2,物化地,女
YTNO,PKIJCAPFM,高一,7,物化地,女
AVID,IYHJACGHN,高一,4,物化地,女
ZZNP,AFRSERICI,高一,6,物化地,男
PGHO,MESJLSOEU,高一,10,物化地,女
KZVA,GJTMHKACR,高一,9,物化地,女
VFMS,EAWGOQNTY,高一,16,物化地,女
ONSN,XQMNRYXLU,高一,14,物化地,男
VQIV,CAGDBUIXU,高一,14,物化地,男
UMVU,NHOMDLZXR,高一,3,物化地,男
HBCW,XACSETERJ,高一,8,物化地,女
NTFS,FGRUXOZQA,高一,20,物化地,女
FRQT,BEZCAKHKV,高一,4,物化地,男
KMKN,HMDZBOPFF,高一,10,物化地,女
XEPB,SEQQOPRTX,高一,17,物化地,男
NHOW,YKLYXXOGG,高一,9,物化地,男
GEJA,ERVSDWWKI,高一,8,物化地,男
BZHK,NGGDRJHRX,高一,20,物化地,女
JWCM,EAIUHCOSM,高一,12,物化地,男
MMTP,WQSKWINNB,高一,7,物化地,男
MIXX,IFARDICRE,高一,18,物化地,男
FXLZ,PYSAJXFMQ,高一,18,物化地,男
CQYS,IGBULPFSU,高一,8,物化地,女
LXTW,XZOVMEAGN,高一,11,物化地,女
MWTA,TMDIVZIDF,高一,4,物化地,女
SIDY,BBDSXPTXQ,高一,20,物化地,女
CAXY,SYTNUJAPV,高一,18,物化地,男
KQLE,IOGBFSGQI,高一,17,物化地,男
APRX,PBUOELGDC,高一,14,物化地,男
BIBE,YHYGGBMFH,高一,2,物化地,女
TXXY,CNTYVGQIQ,高一,14,物化地,男
IFVS,OJTIXRYCD,高一,20,物化地,女
LDDY,TRNOIIEDI,高一,10,物化地,女
HGTH,PVDDCKKXZ,高一,9,物化地,男
XCUY,ALDYADSEX,高一,9,物化地,男
BYFW,LVLTNTDAK,高一,20,物化地,女
HPJS,MUDGTUMDS,高一,4,物化地,女
OFYB,WLJEHTKSM,高一,12,物化地,女
MGLG,WVFLRDPYH,高一,8,物化地,男
BZMB,WXTZENIIT,高一,17,物化地,男
YINT,ELVXMKIUD,高一,14,物化地,女
NATT,QLGYFXJOV,高一,4,物化地,男
GNHO,QETZOPFVR,高一,10,物化地,男
ADTO,YHGBMFYDG,高一,15,物化地,女
BNPY,BDVGHIMOB,高一,7,物化地,女
PZWO,XQNOVBHCO,高一,9,物化地,男
KTKG,TVBKUJWUB,高一,19,物化地,女
GNGU,KCRFUHLTF,高一,3,物化地,女
APHP,CGZOTYPTT,高一,5,物化地,男
IKXE,AZVGXTPHM,高一,9,物化地,男
VATO,IMQSWLPFO,高一,19,物化地,男
PWZA,RTJMMNCJQ,高一,3,物化地,女
XBSD,JWZOMGILE,高一,7,物化地,男
INVQ,YIEPNCDPG,高一,18,物化地,女
EHKF,AONGVDKKO,高一,5,物化地,男
SCMO,ANAOKARES,高一,5,物化地,女
KFIS,OTACJMSRL,高一,7,物化地,女
MFRF,OOQJKLDMY,高一,10,物化地,女
CQGV,IHPHJWIKK,高一,4,物化地,女
BPMV,EGFDKAVUW,高一,3,物化地,女
LORP,HIPCEJKEN,高一,18,物化地,男
SJFZ,VMFRWECTC,高一,7,物化地,女
XSLZ,ZMSITSAWG,高一,9,物化地,女
MMPJ,QPMHHWPDV,高一,3,物化地,男
OJNE,DLJHENZIR,高一,9,物化地,女
RHRY,ERCPYHJDH,高一,5,物化地,男
XKXJ,BTVCXFGYN,高一,5,物化地,女
JZUB,PLDALRNNT,高一,16,物化地,女
BUAC,UYMGAOBUF,高一,18,物化地,女
RCLF,SEEPOSKJT,高一,10,物化地,男
NKCY,GBUGJQDLO,高一,3,物化地,女
KZOB,HKKNMSBSH,高一,11,物化地,女
YGHT,CPCASWQVL,高一,6,物化地,女
HUOX,UODNTSVJT,高一,15,物化地,女
ERAJ,LHHEZUNJU,高一,7,物化地,女
ZVPR,DUZOLGDSD,高一,16,物化地,女
SECW,JNQRCADFJ,高一,16,物化地,女
WGXX,OHTVKZGAP,高一,18,物化地,女
KPSW,ILFHSTNUJ,高一,8,物化地,女
BCGM,XEGAEQEKN,高一,17,物化地,女
KMVE,ACAKFQYUY,高一,7,物化地,男
VDEW,WNYSNPBYM,高一,14,物化地,女
VDMF,FMIUNZRRK,高一,16,物化地,男
SNQW,UHTQXLXZS,高一,17,物化地,男
ECUQ,SPWPJTBPL,高一,4,物化地,女
TDSC,MSWUAJFGC,高一,12,物化地,男
KILI,VMIMJEXEP,高一,17,物化地,女
QQEC,CSDFJSUUN,高一,16,物化地,男
KIHL,JUBOAPJGH,高一,16,物化地,男
AUIL,YVWIEZMSX,高一,13,物化地,男
NGMF,DSTJTBPZC,高一,10,物化地,男
FCSW,LAUMNUGVR,高一,19,物化地,男
PTWK,HACOROAYT,高一,15,物化地,女
LKXL,KJFVMBREK,高一,13,物化地,女
HCBH,GYMHELYJQ,高一,5,物化地,女
HQKV,KWXIKEUEX,高一,3,物化地,男
BCSW,BVHPMBAKA,高一,8,物化地,男
WJEB,ELSMYYNHH,高一,11,物化地,女
SKRJ,YWMTCSEJQ,高一,15,物化地,男
KLPG,UQQOADKIF,高一,16,物化地,女
TFGR,CMKPSSJVS,高一,11,物化地,男
VATZ,BWQNUILZC,高一,10,物化地,男
