GDJG,MEBIPTYZV,高一,11,物化政,男
EKJE,GGHGPEEGP,高一,14,物化政,女
DLRL,SIAMQCJNA,高一,14,物化政,女
LPAX,QCVZMIDYC,高一,7,物化政,男
LAMC,QIJKDSXXH,高一,13,物化政,女
WERO,SEEGKCJWS,高一,13,物化政,男
YSWI,IPOYLTAFN,高一,3,物化政,女
GTDP,ORNGQZCPD,高一,16,物化政,男
BTPC,NYHWELYVU,高一,17,物化政,男
QCLI,JWFKCXRSP,高一,2,物化政,女
LFKE,QYREEXVMO,高一,14,物化政,男
GLJY,PYAWTQBAN,高一,14,物化政,男
QTIH,MOCAAQTSS,高一,20,物化政,女
VRCQ,CDXVDEMVS,高一,18,物化政,男
KAYB,PYZFWMGMP,高一,11,物化政,女
VNEF,YEJFYIJIR,高一,4,物化政,男
YXNX,PAXAAOCXO,高一,17,物化政,男
SVGZ,JOYNISLFH,高一,20,物化政,女
PEDY,ATTBHWWVM,高一,17,物化政,女
WYHN,AHNKBZHDE,高一,14,物化政,男
NGYC,WYQZMNWLU,高一,19,物化政,女
HDRU,UPKOZMVBK,高一,14,物化政,男
ODMP,OUBXOGBPE,高一,13,物化政,男
FHME,LNCMMYEVR,高一,14,物化政,男
BCKO,JQTBNAYDD,高一,8,物化政,男
OTRW,JHUBEBYAP,高一,7,物化政,男
POSP,XBLYLFJFL,高一,10,物化政,男
OOFG,FBSJYZQZD,高一,11,物化政,男
QHFO,YLGTNZBYO,高一,6,物化政,女
LZQV,OGGHTGELM,高一,11,物化政,男
LLQF,HJDMVNHZD,高一,15,物化政,男
WXWW,CMTRUCVOW,高一,19,物化政,女
QKMF,QEUMJPKFP,高一,12,物化政,女
CXDY,OJLIJAOYH,高一,14,物化政,男
FYGM,QEERZTEDA,高一,16,物化政,女
PDCA,MCVWFMFHQ,高一,10,物化政,男
WSZS,ERETZTQJX,高一,13,物化政,女
BGOV,XHYWNSTPF,高一,14,物化政,男
BSOD,GBHNWNAHA,高一,20,物化政,男
NKJG,CKCVDFZTN,高一,15,物化政,女
IHCW,MQVWXNVFV,高一,4,物化政,女
MMBM,GTIOVQJOY,高一,6,物化政,女
FXRM,RHNWXAWJV,高一,20,物化政,女
JHUY,ODKMVVMKA,高一,5,物化政,女
HFYQ,ZOFPUARNJ,高一,3,物化政,女
JGAJ,HQVLNOFIN,高一,14,物化政,男
NQKC,KSQHIZRKR,高一,2,物化政,女
VKLZ,YSDSXLSGI,高一,5,物化政,女
FNAY,TPONNRIRI,高一,19,物化政,男
GXQK,WDPMQVUCP,高一,14,物化政,女
ZQOY,DREBLSETW,高一,15,物化政,女
EZWM,OPQLMGBKK,高一,18,物化政,女
OYUB,WLPBCTILP,高一,13,物化政,女
UZAZ,WGTVCCHZA,高一,12,物化政,男
ICPK,WRTYCZOIL,高一,6,物化政,男
JHKT,FJERAGOBL,高一,13,物化政,女
UKYD,HQNVQMBHG,高一,13,物化政,男
OZIV,VTSYUOKLD,高一,10,物化政,女
WCUY,QSKBBDHXW,高一,16,物化政,男
MPUR,VECILJBFW,高一,10,物化政,男
OFMB,JQSPMEBVI,高一,8,物化政,男
CISG,ZBYPYLVJA,高一,10,物化政,男
JEKY,PTFSJMBPS,高一,14,物化政,女
TRGZ,OPERBNDOL,高一,13,物化政,女
EVXD,ZRUBYZCHV,高一,17,物化政,男
QHPO,EKZIFAJTQ,高一,10,物化政,男
MAMV,LKOERMHEV,高一,9,物化政,男
OAFY,PFSRETLLK,高一,12,物化政,男
GRAR,YJBTXMFQJ,高一,3,物化政,女
DXSV,RFQPQRPPG,高一,14,物化政,女
IKHT,JURBFVOGP,高一,7,物化政,女
LQDI,PBQUKZPLI,高一,10,物化政,女
XHER,VCUAUSQOL,高一,19,物化政,女
FSIG,WVBPJZYIY,高一,5,物化政,女
QBHZ,GKRUKANWO,高一,11,物化政,男
GJZU,XLELKTECJ,高一,6,物化政,女
OJXM,FQATXDCYC,高一,4,物化政,女
ZMYS,ZSDYJPAJG,高一,4,物化政,女
BPNA,YWSNLVTMV,高一,19,物化政,女
ERAE,JBRMNMTOE,高一,7,物化政,女
TWKE,XBJRIZQUM,高一,4,物化政,女
AGJC,ATGHMBPHS,高一,19,物化政,男
DCVH,BQNRWXVGO,高一,11,物化政,女
WHRJ,MWVLDGUVW,高一,2,物化政,女
ZVBJ,DRPSNMMEU,高一,7,物化政,女
ITSQ,RDKYBKRYB,高一,4,物化政,女
FDJO,SMRCBCVGO,高一,12,物化政,女
NOTG,OXOYMYDCR,高一,12,物化政,男
HPKN,CUPSNPDZC,高一,19,物化政,女
QFPF,LBOQKYYES,高一,6,物化政,女
WYCG,TKSWLMNHQ,高一,6,物化政,女
WFIE,BXZKQULNK,高一,9,物化政,女
COWQ,DWCUBVZSI,高一,15,物化政,男
CRWW,FYNRRHPHO,高一,3,物化政,男
WWPZ,WPHIYFWKU,高一,11,物化政,女
ISQM,XMHFRVFYI,高一,10,物化政,女
AETO,UYFASDTGT,高一,9,物化政,男
IGEP,ARBYOZYWZ,高一,18,物化政,男
WSPX,VPQPNPVRD,高一,3,物化政,男
RNVJ,MZXMCCSTS,高一,20,物化政,女
CIUP,GEHIEXAZD,高一,6,物化政,男
CALY,MDIOIHBXN,高一,2,物化政,男
VYNM,IJIESYXKY,高一,2,物化政,男
LKMN,YOCOKYAKK,高一,12,物化政,男
AUVK,SSIGEKAOZ,高一,7,物化政,女
XLHS,OSHDLDFLE,高一,11,物化政,男
DECD,FCZTCTPFD,高一,6,物化政,女
WWRA,SEMBZVSMS,高一,17,物化政,女
HCGF,VDQKEEIBI,高一,15,物化政,女
AMZK,GMYGVHALQ,高一,6,物化政,男
XGIP,TZHAFDSKV,高一,15,物化政,女
XDFO,TVRATWXNM,高一,8,物化政,男
NDKJ,YZJUZWMXH,高一,3,物化政,男
GMJQ,EHLPQDSJR,高一,5,物化政,男
NWIQ,LGOUCYELN,高一,8,物化政,女
OPUO,ECHNRFGAA,高一,10,物化政,女
RQHI,JDHIFMHAO,高一,18,物化政,男
UMVF,CZYHOSLTZ,高一,3,物化政,女
VVUZ,FRDOMASLV,高一,8,物化政,男
LWYV,RMWSVMDAP,高一,9,物化政,男
CIJG,NFNUOFYZV,高一,6,物化政,男
PFUL,AJRZHWMNY,高一,18,物化政,女
DLKJ,QUOQPLOWR,高一,6,物化政,女
IDUH,QLQKKHXSC,高一,12,物化政,男
CSJA,DPVKLQRQR,高一,6,物化政,男
WFBT,XRHBJJSAL,高一,17,物化政,男
DLKM,ADVVCHGQY,高一,12,物化政,男
KFQR,EYRBYMZAW,高一,7,物化政,女
NMYJ,RXDWMVRSU,高一,8,物化政,男
SFJN,TEOPILUON,高一,19,物化政,女
FHHS,MBPWKBGOP,高一,11,物化政,男
ZSQC,ZDBDISCCR,高一,20,物化政,男
BTYD,ZLHNANNWH,高一,2,物化政,男
HTEA,OHEUQZPVV,高一,14,物化政,男
MMDC,XMYLDGDOK,高一,7,物化政,男
ZJBP,GGHRNWEWM,高一,15,物化政,女
CRHT,OUKOTQVPC,高一,17,物化政,女
MNEG,HCYOBCVDG,高一,20,物化政,男
LYIW,TGJXBCGRQ,高一,17,物化政,女
IXGC,OMZWDENGZ,高一,12,物化政,男
CJWL,NVJTRWOCL,高一,12,物化政,男
MGRS,ICWGHHTKB,高一,13,物化政,女
OMEA,DPBZOWKSQ,高一,5,物化政,男
DEAR,PPTEPHETT,高一,9,物化政,女
HWTV,XHWOFMWBG,高一,10,物化政,男
VJSJ,VEITHKBDO,高一,14,物化政,女
DBAO,JOIQJLBXL,高一,11,物化政,男
EIOJ,ZCMVDGKEW,高一,16,物化政,男
TLWH,FRGDEXWQS,高一,5,物化政,男
QYPN,FCTNHQJKZ,高一,20,物化政,男
WVRU,HZVCFOMZT,高一,13,物化政,男
UIHO,KXWNUCWZL,高一,10,物化政,男
BSWK,VTZUYVLNA,高一,15,物化政,女
YIFY,YMGGKGECZ,高一,10,物化政,男
ZGTY,RCCQUAYQI,高一,9,物化政,男
UDHA,SKJLEIJIS,高一,16,物化政,男
BCWY,JSHBGVRTC,高一,20,物化政,男
LHSG,YFFPYBKQL,高一,2,物化政,男
TEWZ,HAQNGICGA,高一,16,物化政,女
EMTG,XMAIQOYRV,高一,16,物化政,男
GONZ,GTVCPOZFW,高一,2,物化政,男
SLTJ,DJNXYKMXD,高一,19,物化政,男
LHGA,ENIDPQGWU,高一,11,物化政,女
JUHN,RONONFCGO,高一,5,物化政,女
FIHR,WQDPEJSJL,高一,7,物化政,女
TEQG,YDKRGPVNZ,高一,12,物化政,男
RJFW,SGXEPNBJN,高一,4,物化政,男
GKJS,GUSWWGKWL,高一,11,物化政,女
ZMTP,HJXEOHCEM,高一,16,物化政,男
WJHA,LEDGKSICC,高一,12,物化政,女
CEFQ,RFMZCENWV,高一,6,物化政,男
HZAA,CVXOTHWYI,高一,11,物化政,女
TULD,EWNESMEHV,高一,13,物化政,女
VRCH,BCBJISAET,高一,16,物化政,女
WJCC,JIKQESOTE,高一,6,物化政,男
XDYR,WROVPCCPG,高一,17,物化政,女
MFVV,CDNNZCVAU,高一,19,物化政,女
FRIV,GUZYLJWJI,高一,8,物化政,男
RUYE,NVQIMSFAS,高一,5,物化政,男
ZEGF,BPVVOIXFB,高一,15,物化政,男
PIVD,QCLDSOHHX,高一,8,物化政,女
BRCY,BIFESUXWJ,高一,4,物化政,男
GGUR,DKVGKQDTC,高一,14,物化政,男
VQDR,KLGSZRVNI,高一,9,物化政,男
EEDA,IUCDCCJWE,高一,5,物化政,男
YKUB,IREVWNHZH,高一,13,物化政,女
PNFG,CMVPMSWVD,高一,2,物化政,男
ZUPR,COHTQJSXA,高一,5,物化政,女
COQY,PZTVFELTU,高一,18,物化政,女
ALOB,OLBTNPGJZ,高一,5,物化政,女
HCWQ,YJHOMGKCJ,高一,7,物化政,男
BXKZ,GRBZUPUVO,高一,18,物化政,男
GMAU,NMKUGYJOK,高一,19,物化政,女
ASJG,MUIDYJNIN,高一,10,物化政,女
TMHC,QTSYRXVMX,高一,8,物化政,男
KMHG,YIQRCQCEY,高一,15,物化政,男
SDNM,IDNJCBOJO,高一,6,物化政,男
IPHN,NSKGZNUYP,高一,4,物化政,女
HQKA,SPRNHPLKQ,高一,20,物化政,女
YMHU,QVMWUTFXV,高一,19,物化政,男
YRKT,QFUGLETTQ,高一,11,物化政,女
IRFF,MPQOJGSUT,高一,7,物化政,女
HACL,YERIASBXW,高一,2,物化政,女
CVGR,ERNRYUSJS,高一,17,物化政,女
HZKK,XRALLEMFX,高一,10,物化政,女
DLDA,VNHXVWGDB,高一,6,物化政,女
ACLL,HVTGFSSAE,高一,11,物化政,男
VTEO,TNSCASTOZ,高一,7,物化政,女
BJOM,MCRTBIVXC,高一,3,物化政,女
GONX,NNTFRRIQU,高一,16,物化政,男
KRQY,LBSNVHMGB,高一,2,物化政,女
DJZG,MWOLIFSZQ,高一,7,物化政,女
SINR,HPELQMFTH,高一,7,物化政,女
RNNZ,YLBASYMOV,高一,9,物化政,女
BWAC,PMOCFIOSA,高一,10,物化政,女
FXXA,RJKRRGPVQ,高一,14,物化政,男
CEDR,NZDGNHDQP,高一,7,物化政,女
EWUD,DCDHLHSIZ,高一,7,物化政,女
AXZR,REAEVEKVH,高一,5,物化政,男
NFUS,FPKZRLIYN,高一,8,物化政,男
OEWJ,JOMQHIYDX,高一,15,物化政,男
WTBO,PKCVLSSRX,高一,10,物化政,男
FXVY,VQHTHRXFJ,高一,10,物化政,男
PNFH,ZMNOQOWQC,高一,7,物化政,男
DKST,CATFRFSXI,高一,4,物化政,男
TCEN,AAXQERAFJ,高一,8,物化政,女
OAUM,DRILDHXTT,高一,5,物化政,女
GNDD,FQSWZXAKX,高一,12,物化政,女
WXFD,KOPRJDYDP,高一,15,物化政,男
NMVZ,UYPMVOKSV,高一,11,物化政,男
GCAU,UPIHVEZJM,高一,18,物化政,女
QTDC,HTHHDLGYU,高一,16,物化政,男
ECKX,GHSBLPERH,高一,16,物化政,男
WAAY,LSQFAWBCS,高一,8,物化政,男
PDZS,WGSPFAMTB,高一,11,物化政,男
LXTT,WYFAXYSEY,高一,7,物化政,男
ROBB,TVGAQSWVL,高一,10,物化政,男
OGQN,EHISFIAKR,高一,6,物化政,女
KGVV,BEPNRKAMN,高一,10,物化政,女
HPJG,RMUCQPLQY,高一,9,物化政,男
LOJO,LOEGCONJB,高一,13,物化政,女
AGLM,YXNOCBNYL,高一,7,物化政,女
IKXG,CHHGFQEXF,高一,13,物化政,男
CBFC,WLPJDDMBL,高一,19,物化政,女
HPYP,BWJAERBIK,高一,6,物化政,男
ICKQ,IYHMJNQYX,高一,20,物化政,男
SCHB,DZABZDMQM,高一,4,物化政,男
ADDZ,KOCEETYUV,高一,4,物化政,女
LWRX,PTIVWWTXL,高一,10,物化政,男
VBZM,JFHEIVRAB,高一,19,物化政,女
CQRL,UHHNFXJSH,高一,2,物化政,男
WXVO,EVOJJBIRK,高一,9,物化政,女
DBTW,ZVXUDFMQL,高一,20,物化政,男
WHXG,WCYHSISEP,高一,11,物化政,女
WINF,TIOEWPPHH,高一,17,物化政,男
VGFR,BGBMHLSFX,高一,7,物化政,女
CCCL,FDQSRXSSG,高一,8,物化政,男
SMZN,XOUEDPSGR,高一,3,物化政,男
JMJU,PUQLLHDSN,高一,7,物化政,女
NGWW,OYAPLZICM,高一,2,物化政,男
KBSQ,EEGYGDAGH,高一,7,物化政,男
HFCI,RNZKQEEZJ,高一,17,物化政,男
XHUB,SXPXRZCSU,高一,17,物化政,男
FSJO,JQJUTGYTB,高一,6,物化政,男
ULLM,ZTRGFQOUT,高一,15,物化政,女
ISQS,CUZQCMCKD,高一,6,物化政,男
HGHM,PMHJJFPFT,高一,18,物化政,男
MCPH,DBAMCMMIU,高一,17,物化政,男
OELS,PBHMOXNLH,高一,20,物化政,女
UOTF,TIEKPKWEU,高一,12,物化政,女
QLBG,JHNQKPFXS,高一,8,物化政,男
QSFN,ZYEXKNOZU,高一,18,物化政,女
IPCU,SPLFTEZKY,高一,11,物化政,男
FZSR,RKQEUEFTC,高一,15,物化政,男
NUPC,GVJEFPKSK,高一,14,物化政,男
ztx,114514,高一,16,物化政,女
