OSHW,ENOOUFFYE,高三,11,物化政,男
IWUY,FWIWXKLUE,高三,16,物化政,男
JQHQ,EQUPRUZKB,高三,3,物化政,女
OVAX,CFSYDNJEI,高三,8,物化政,女
RXEQ,ZKZYRPBMP,高三,10,物化政,女
MWUO,OVKPJESNK,高三,6,物化政,女
UUOX,JYTEQPLYW,高三,8,物化政,男
CVYP,BYUIIOZDH,高三,4,物化政,男
OPKQ,YTRCZEDZO,高三,12,物化政,男
NACG,QXDVNOMAP,高三,6,物化政,男
ABPL,XPCTMJYLZ,高三,5,物化政,男
XSNP,URLWURKQO,高三,12,物化政,男
AXJG,FEPGROLHR,高三,17,物化政,女
HSQK,HTDZWMZAA,高三,5,物化政,男
IDPP,QKZSJZMYP,高三,11,物化政,男
LXZZ,VCSSTZHTI,高三,15,物化政,男
SYOR,OHUDDKTVS,高三,8,物化政,女
NYLR,XANQAIVSW,高三,9,物化政,女
BSPV,ATTEMNNPX,高三,20,物化政,男
TYOE,VUUCPWZLD,高三,2,物化政,女
XNVP,QXAPGPRNP,高三,20,物化政,男
MXNU,RTXVREXGJ,高三,20,物化政,男
EHKC,UPRAPERNW,高三,12,物化政,女
IZYF,LTOTALELN,高三,11,物化政,男
QDUM,BESSLFSJF,高三,18,物化政,男
PMMZ,UVGQUNJEP,高三,10,物化政,男
OYRM,LVQBOOHTJ,高三,15,物化政,男
TYTK,HUTBOCAGR,高三,17,物化政,女
CYXF,CRPVHYETU,高三,17,物化政,女
KODM,JRNMQPRDD,高三,20,物化政,男
PSSQ,NYRXWDDNL,高三,7,物化政,男
NGFW,HQPHKYHXJ,高三,4,物化政,女
OMUQ,SSYMLGCYM,高三,18,物化政,女
DDSW,GVWDCOUDM,高三,15,物化政,男
TILN,TGTDBRWTQ,高三,19,物化政,女
QJNI,ZIEURSZQX,高三,20,物化政,男
VRUD,NPRXAGYAG,高三,6,物化政,女
VOGV,KVWTVIANY,高三,6,物化政,女
BSAL,IBOVQDFRI,高三,14,物化政,女
VZLR,SYATXADCF,高三,8,物化政,男
AVOQ,FKAXFLZNG,高三,2,物化政,女
VLDT,RFPHYKZYZ,高三,10,物化政,男
CDYJ,KJVZECOKI,高三,4,物化政,男
LTHY,EKTYECKMU,高三,6,物化政,女
XUIS,BBASXDYTA,高三,20,物化政,女
IKVC,XPVJDVZOX,高三,11,物化政,女
XYTZ,EQEDYSWXZ,高三,3,物化政,女
MYWL,UENHUUHSV,高三,16,物化政,男
UWBZ,TAAUWQRCS,高三,19,物化政,女
XPGV,WQIZGHEHH,高三,18,物化政,男
ZUNX,ZHSCZEHWA,高三,5,物化政,男
GNVP,CSAGYGJNF,高三,12,物化政,男
MJAN,PJKSJXOJB,高三,8,物化政,男
FTJJ,FQLGFTWSZ,高三,15,物化政,女
NAWJ,DDZPDOHNR,高三,6,物化政,女
PBXP,BGJVZEYPI,高三,16,物化政,男
WUHB,RYRBXDUIH,高三,2,物化政,男
VQWU,FQFRFZBZL,高三,2,物化政,女
OXDK,QPRYNPCEV,高三,3,物化政,女
HKFS,JBGEHAVUO,高三,9,物化政,男
YUVR,QSNDBALHF,高三,2,物化政,男
WTGJ,IHZPVTLDY,高三,15,物化政,女
ATPP,DHUXCQFLY,高三,15,物化政,女
HHCS,VFUJHXPRA,高三,11,物化政,女
TWII,GJAFOUISF,高三,10,物化政,女
ZLCJ,FELDQMXXM,高三,13,物化政,男
JTMA,MBSQCDELT,高三,17,物化政,男
FFRR,NCMDSPTXQ,高三,6,物化政,男
MOUR,CWAAFSFBN,高三,5,物化政,女
NOWZ,SHLOYEIAO,高三,15,物化政,男
YSYS,XWZJELJJP,高三,20,物化政,男
RGCR,JTGPPCMBN,高三,4,物化政,女
AWTS,NAXVMCIZY,高三,6,物化政,男
VWNN,PVRBQWDTY,高三,6,物化政,男
KBNT,WEQRVZJUP,高三,19,物化政,男
TRFM,HPDFYDNTH,高三,16,物化政,女
SBNW,QUVXGAMVR,高三,13,物化政,女
DGSC,IZXNDDWZD,高三,15,物化政,男
QJXX,TZKSQNHZA,高三,2,物化政,女
NFPM,GMTYRJQVL,高三,11,物化政,男
XTBO,UVXPZDIJM,高三,20,物化政,女
HYUP,KISUOXNPR,高三,12,物化政,女
KRAR,FNXWZCKEP,高三,19,物化政,男
ICJP,VPCJZGXJN,高三,7,物化政,男
GDCD,MATKJNJQD,高三,4,物化政,男
BPLF,QFZVHDGYD,高三,18,物化政,女
LTIQ,ABEGPTXFI,高三,13,物化政,男
XRZM,EDBKGSZRW,高三,5,物化政,男
ENUV,JRNAVWQEF,高三,10,物化政,女
OESX,OMYKGALZS,高三,15,物化政,女
YXKS,QVRXESMLY,高三,9,物化政,男
SEGK,VDBZUKOVA,高三,18,物化政,男
FSEF,ICZIROMMA,高三,9,物化政,男
XXMU,MZSELCZFW,高三,16,物化政,女
VOPW,WFKFXRIGM,高三,16,物化政,女
RRKV,KJSKRAOMF,高三,18,物化政,女
TESZ,RPKHTLUXU,高三,14,物化政,男
NEYC,DAMMZZYXT,高三,8,物化政,男
QQWX,YRDCQWRMC,高三,4,物化政,男
XLLN,SILSRSPBT,高三,11,物化政,女
INBF,BKKPKGYNE,高三,8,物化政,女
PNON,GFDEPAIRO,高三,6,物化政,女
KUSH,JUNOQIBFW,高三,14,物化政,女
AMVD,WZUSIZJBK,高三,3,物化政,女
ZMPL,ZRTJDCTIX,高三,19,物化政,男
BYKY,DSPQIPXMR,高三,14,物化政,女
UISJ,GSWRXHJAD,高三,8,物化政,男
NHHV,OIHFXKHHF,高三,2,物化政,女
KSZH,ZTDWYDMBL,高三,4,物化政,女
LJPF,VBGWCBHGC,高三,2,物化政,男
ISWW,ZONSNJALV,高三,16,物化政,男
WBOL,NOGZGYWNP,高三,4,物化政,女
SZUM,EOJEREGWM,高三,2,物化政,男
WMWR,LIWOGYHXK,高三,7,物化政,男
DHYL,YZHIWXEVM,高三,4,物化政,女
JYJL,NDJUUEHJT,高三,15,物化政,男
KBUW,YMSDHFHEE,高三,11,物化政,女
EXYW,JPMSWITXE,高三,12,物化政,女
WXYQ,YKQMOQJRU,高三,9,物化政,男
PSJB,KUAGEAXLK,高三,15,物化政,女
UCXQ,OKRUTFVPX,高三,8,物化政,女
GNSB,GRITYIDYJ,高三,7,物化政,女
YUJW,LTVLLGXAQ,高三,6,物化政,女
AVER,AYNIMDGBJ,高三,11,物化政,女
DQNV,HJJDTHYNR,高三,4,物化政,男
JIZA,TBDTGAJEE,高三,12,物化政,男
WKOZ,JROGNKKVA,高三,3,物化政,男
KDKS,YZBCKIDUT,高三,17,物化政,男
ZCFY,TKSLTKEOM,高三,9,物化政,男
RKPV,FAAMHNSEX,高三,9,物化政,女
EYLK,ZTBNNNHRB,高三,3,物化政,男
PUFC,ZXNLZEOKH,高三,19,物化政,男
DEJD,FRCIPOGRI,高三,5,物化政,女
UBNI,WVIYWPZJH,高三,19,物化政,男
PJJY,QXENZTTWZ,高三,18,物化政,女
UCJN,NCRWPHXJY,高三,2,物化政,女
APPS,GYMHDJESN,高三,6,物化政,女
LAVN,OGDNACXMR,高三,3,物化政,女
ISEA,WYDSRAQSD,高三,7,物化政,女
MEYR,ZRVMLNWRS,高三,13,物化政,女
RQQN,CZFMEIOOK,高三,20,物化政,男
KBUC,EVUSRYIIK,高三,13,物化政,男
OWXG,HZOZEBJKH,高三,10,物化政,女
JLPX,LGQJQKASP,高三,14,物化政,女
UXRU,HWNIIVNRK,高三,4,物化政,男
BUQE,SUXTMZPUS,高三,6,物化政,男
WTPX,KLPFMJLDQ,高三,7,物化政,女
WOEB,QBPWWQXPH,高三,12,物化政,男
OJNR,KBKFODVBN,高三,2,物化政,男
MZOD,KRBEPGFTN,高三,5,物化政,女
ZFAF,UPNOJLQFY,高三,20,物化政,女
YPCS,MPABSFCKI,高三,7,物化政,男
FXAX,NVEYBBSUV,高三,16,物化政,男
RLUO,WAIMUHOVZ,高三,10,物化政,女
PPBZ,GEFCECEKB,高三,15,物化政,男
QETS,FATLOLNTL,高三,14,物化政,女
PUCQ,AIFOXVBIM,高三,7,物化政,男
TZZF,OVAQHKRLU,高三,7,物化政,男
WFSK,EYZFFKXNE,高三,8,物化政,女
CDOK,OIJRDKJQB,高三,10,物化政,男
VROS,XJWCTCROZ,高三,3,物化政,女
QZVJ,DDRCBQLRT,高三,4,物化政,男
EZTR,OGUBNXHSF,高三,12,物化政,女
RQGT,JXBMLHMRU,高三,2,物化政,男
KLZA,CEOKBAWYA,高三,7,物化政,女
QPBV,PDUWCINUO,高三,16,物化政,女
NOSP,XAXAYEPDZ,高三,9,物化政,女
SELN,GSVWSSWGJ,高三,19,物化政,男
ONQX,UIXJQOWDK,高三,13,物化政,男
SARG,SWAGOTGLW,高三,17,物化政,男
NFXV,RGVNJHXKV,高三,11,物化政,女
VUQJ,CIGOOWPXD,高三,4,物化政,女
XOYR,RCYOUFKAO,高三,3,物化政,女
HVEU,RLUFXBUFN,高三,7,物化政,男
IQNN,SAFLVOTKB,高三,6,物化政,女
AAME,ZVRFOAZSI,高三,14,物化政,男
IEXB,ZEJLJROEU,高三,15,物化政,男
GAEB,TYBHIGUNV,高三,3,物化政,女
FCIS,SFTEJXLBF,高三,8,物化政,男
DVMM,XHCGXSPXY,高三,8,物化政,男
WHZT,GYFCUIMIH,高三,9,物化政,男
WTLD,PHUCSJGFR,高三,8,物化政,男
KFUR,PUXPNLNEI,高三,14,物化政,男
WOUJ,KEFZUBFTN,高三,3,物化政,女
FREG,ULJBCHRZW,高三,20,物化政,女
GCEY,SFOHMMDQN,高三,6,物化政,女
JRAG,WWEDFBTMT,高三,15,物化政,男
HQQB,PIMIYGYWY,高三,7,物化政,女
URSD,QLADEMCIJ,高三,13,物化政,男
FANM,AVAYRWTHC,高三,7,物化政,男
PNHI,DRQCRZOKN,高三,14,物化政,女
YGBX,QHARRLTEY,高三,10,物化政,女
CYGL,SUSKBJYHQ,高三,6,物化政,男
YMFV,FYILJCVPQ,高三,8,物化政,男
TGLX,PGAFEQVFR,高三,5,物化政,男
AOLY,YUCBTBWRC,高三,16,物化政,男
TMFL,XJDUMMCHJ,高三,14,物化政,男
LMKN,OCQMDXCYB,高三,8,物化政,女
AANR,DNQXLYRNY,高三,2,物化政,男
SZPZ,EIGXREZEY,高三,19,物化政,女
WUVE,ZDXRTPEAP,高三,16,物化政,女
DJIE,NNIMKEYFK,高三,13,物化政,女
PWSB,SADKXNKJU,高三,14,物化政,女
GEKB,UEQJBFHAY,高三,14,物化政,女
LUZE,JGZDHKPDQ,高三,20,物化政,女
TWNO,JHOKWMUGO,高三,7,物化政,男
RSZA,KWHRJEFCN,高三,9,物化政,女
NJZX,SCETLMBWC,高三,9,物化政,女
RXNE,MSLKTBQTY,高三,8,物化政,女
VVPU,ZPYEHFSCT,高三,13,物化政,女
UIKX,TULNGXTGM,高三,2,物化政,女
CFVF,PKUWIEPIT,高三,3,物化政,女
WTCY,GUECQNFON,高三,12,物化政,女
DPGZ,WZXZOBWJA,高三,3,物化政,女
MYIF,DGKZGPNOR,高三,2,物化政,男
EWJE,ZAGLZWBCQ,高三,4,物化政,男
KNZS,UYWWFIFMD,高三,12,物化政,男
NBDO,HCLWENNND,高三,2,物化政,男
AYBV,PLDWMKYER,高三,11,物化政,男
IQAU,YANUTIXSF,高三,13,物化政,男
RRPW,BZJSJSUML,高三,4,物化政,男
MEUS,JZOCDCILC,高三,18,物化政,男
WEHR,KASFVKVSB,高三,17,物化政,男
MPMS,YXBDKIOAA,高三,6,物化政,女
XZBX,BDPNOHPZT,高三,17,物化政,男
BBRQ,QWFTYFCFD,高三,3,物化政,女
COAA,MZYWOSNFX,高三,11,物化政,男
VXWK,NTBGGBDRA,高三,4,物化政,男
BLOU,LIGJZYBYU,高三,3,物化政,女
MWFM,WNYUQRTWO,高三,2,物化政,男
USZM,VQHQPRGTF,高三,12,物化政,男
IGER,QPZDWBIJO,高三,2,物化政,男
XSZC,NZARXNQSS,高三,7,物化政,男
WHAO,HCEGQYYWX,高三,7,物化政,女
GEEB,RJNMQPSAC,高三,20,物化政,女
MCVY,MZUFTZNSO,高三,13,物化政,女
OATG,RCDXYVKUV,高三,4,物化政,女
IAJT,OUROFAFLT,高三,4,物化政,男
XNTR,PKATHUKNT,高三,19,物化政,女
EUJK,KCAIDGGTF,高三,19,物化政,女
FUIX,XAOXTPEQU,高三,2,物化政,女
FZVW,YTMAMLQRZ,高三,10,物化政,女
BRTZ,WZMLHPOPT,高三,10,物化政,男
SLNQ,OLHSYYZQU,高三,17,物化政,女
HPZA,TEQUANWAN,高三,10,物化政,女
AGHS,GYJFIXBXL,高三,12,物化政,男
FBJW,HSENSQYTF,高三,14,物化政,女
CZCF,AXWUHQOZO,高三,10,物化政,男
GGAS,ESJLMAJYP,高三,9,物化政,女
WMUO,ZNGYLNORP,高三,12,物化政,女
GHHO,UTMZYFSNV,高三,3,物化政,男
MHSD,DRKPHIJVI,高三,4,物化政,男
LYUY,WDUEVGKKZ,高三,3,物化政,女
FZPY,JMUTIPJKS,高三,3,物化政,女
NLVP,DLTKFRPOC,高三,14,物化政,男
KRNF,MFKKTMXIW,高三,11,物化政,女
EEQM,PDEIJVTBT,高三,12,物化政,男
FTLT,EQLXMIVMA,高三,18,物化政,男
TFAE,NPJQJUEPO,高三,7,物化政,男
DGZI,SETPWIKFO,高三,14,物化政,男
ZEHO,TFXKGTKLB,高三,2,物化政,女
GWKJ,RQBAMETTH,高三,18,物化政,女
YSCU,BODUOYMWF,高三,4,物化政,女
CEVZ,UGZYATYEY,高三,14,物化政,男
GNWR,NSRRQDDSF,高三,13,物化政,男
NCNU,LTUAPRXFL,高三,9,物化政,男
GHKM,BOCVHFCNV,高三,14,物化政,女
QQLF,PYAMFGSDN,高三,14,物化政,男
GYBG,FFHYXIZQY,高三,19,物化政,女
GHLX,GFFOYIBBT,高三,10,物化政,女
DWME,EKYSMKWUH,高三,7,物化政,女
BIHV,RCGIECNBP,高三,10,物化政,男
KPHB,EHEADVJTV,高三,14,物化政,女
HAOZ,PWMWJPDBO,高三,17,物化政,男
KASE,WNSAIFJFI,高三,16,物化政,女
VHCZ,LHQKPCKHO,高三,3,物化政,男
ZXMI,OQUWYURYU,高三,18,物化政,男
NEMC,FWSOQUAUW,高三,17,物化政,男
GAQP,UYOABIURZ,高三,2,物化政,女
ROIL,FTSKJXNHL,高三,18,物化政,女
AYOD,KXSPFGZBG,高三,18,物化政,男
QKMN,OWUHWUAWV,高三,3,物化政,男
FTFZ,YYPVFODDJ,高三,20,物化政,女
QPNY,RZIBSOPZF,高三,17,物化政,女
OEFB,FTIXAFESH,高三,2,物化政,女
VPUP,CJMPRGJHC,高三,2,物化政,男
ASFA,MPTNDAOXJ,高三,10,物化政,女
HNJA,HSSWWVIAE,高三,19,物化政,男
SHRJ,WMXGJLNOL,高三,4,物化政,女
MPSH,HOIKSFZFK,高三,17,物化政,男
WXUP,KDOSRXHGC,高三,19,物化政,女
TMTE,ZMHTDJPLD,高三,6,物化政,女
CFOY,KAPUYFBOT,高三,18,物化政,女
TMGP,PMKCBKFGT,高三,17,物化政,女
QGUO,APXHDPQGB,高三,19,物化政,男
MUKJ,XSXVSIIRG,高三,10,物化政,女
FVDP,QPCKAFVGF,高三,4,物化政,男
RUIH,QBWGTLYSW,高三,16,物化政,男
RIJD,NGAQBAUOA,高三,20,物化政,女
ZTTC,EOTHPKFFO,高三,20,物化政,女
LOUH,UALNBBARC,高三,8,物化政,女
BPTX,XOCXABXIV,高三,7,物化政,女
UJQS,WUILHMMOV,高三,13,物化政,女
IXOO,UBOAVPDVX,高三,12,物化政,女
MRDU,XWEESUNLO,高三,18,物化政,女
JUJI,XXQRCBABG,高三,14,物化政,男
ZDXY,XKMTCGEEJ,高三,20,物化政,女
ZMED,SWZKVNECM,高三,4,物化政,女
VEWD,XRPSRBZTI,高三,11,物化政,女
NMMA,MNOTFVIIN,高三,16,物化政,女
GDBR,LTKKWMUYM,高三,19,物化政,女
KRMY,FSATHPQIN,高三,17,物化政,男
YZUF,YPKIYMUCU,高三,10,物化政,男
TWBE,MPTRLRXWT,高三,2,物化政,女
MCGF,OZYVZINFD,高三,4,物化政,女
QVLX,RTQYYALUM,高三,20,物化政,男
YETW,CLJLWJRYH,高三,15,物化政,女
YAXI,INTBFGAIS,高三,15,物化政,女
IDIB,KAVYSEDVY,高三,7,物化政,男
QGVH,URWTWCJZY,高三,3,物化政,男
JRGU,TVCDZRNTR,高三,2,物化政,男
zhangyizhouZMD,111111111,高三,12,物化政,nan
