XZSD,RCURDKHES,高一,13,历生政,女
CBVQ,NYXCPBTDY,高一,9,历生政,男
ZIDH,QBDYLOISA,高一,4,历生政,女
JTBC,GRASGLNHK,高一,5,历生政,男
RDEY,GPRXARKNW,高一,10,历生政,女
NTMP,EVLWZKZOB,高一,17,历生政,男
UPHK,ZMUGFDAYI,高一,11,历生政,女
RUHS,WHSNNPGIB,高一,13,历生政,女
KXOR,NSQZRZZFA,高一,17,历生政,女
XPUF,JTMJGNCRY,高一,16,历生政,女
SWHJ,YDDYZEGME,高一,11,历生政,男
FRUT,BRMQCKFAF,高一,13,历生政,女
RKSS,DEFNPNWJQ,高一,16,历生政,男
XLHL,RWXZRBUAO,高一,8,历生政,男
BRXL,BZWWJFUAO,高一,16,历生政,男
DYDX,WHIZZDSSD,高一,7,历生政,男
LVKO,HOJHRSSTQ,高一,18,历生政,男
ISAG,IFGWISMBV,高一,2,历生政,男
GGMP,ZYWBNSUFV,高一,17,历生政,女
CBGZ,BIXTJLJRQ,高一,4,历生政,女
CVBA,KBQHTSZTL,高一,16,历生政,女
VFAZ,PVBEYFRXR,高一,12,历生政,男
EJOH,QUQIXBPWR,高一,18,历生政,女
SQSS,CVPWQAWHK,高一,3,历生政,女
YWTO,XZOCJJRIA,高一,14,历生政,女
NRCK,MCOLAMWFT,高一,13,历生政,男
VQAX,XQNRWGUSE,高一,6,历生政,男
ESRE,PTBJUOYWP,高一,18,历生政,女
NHNR,HHSLZRVZQ,高一,16,历生政,男
ILYJ,KCHMCZPMN,高一,3,历生政,女
PIWT,ZPSYSMCAL,高一,15,历生政,男
RMHG,PSPLVVNAQ,高一,3,历生政,男
MLKO,IYGHUCCCQ,高一,5,历生政,男
LZFK,NMDMXAMOZ,高一,13,历生政,男
CMMX,FMLBNXGTY,高一,19,历生政,男
FTYV,GJSUCSVWT,高一,19,历生政,男
ZOXH,FKRULPXPE,高一,11,历生政,男
LFKX,NBUWXEXGY,高一,3,历生政,女
IOPV,RJRNAQKWA,高一,17,历生政,男
LYBJ,CBAXJLFKE,高一,16,历生政,男
NZOX,KCUTIIJRV,高一,10,历生政,女
NHZU,WMMTJJUMQ,高一,20,历生政,男
UBDN,DKSFMBPGY,高一,10,历生政,女
STOA,WAQPSLYRR,高一,13,历生政,男
OMZO,UKDJHCCFA,高一,3,历生政,男
WTTC,QEBLVXHNJ,高一,18,历生政,男
UJTU,NDHGRSDZA,高一,10,历生政,男
TEGM,CQXCOWXCC,高一,17,历生政,女
QPQK,JMXUACMCB,高一,10,历生政,男
XCDB,XOFCMVABF,高一,14,历生政,男
NBGC,RYUFZIYRX,高一,17,历生政,女
OKJQ,MXLISUWXJ,高一,19,历生政,男
RTEB,BHSMOYYFD,高一,4,历生政,女
YICH,PRNIBDVHF,高一,14,历生政,男
LZNP,PAKQNVQHA,高一,11,历生政,男
SPRQ,OBCMGWIFY,高一,18,历生政,男
XISW,WHXLJZNZX,高一,11,历生政,女
FBDH,FBPMVIETF,高一,20,历生政,女
FOYN,DDOEHBIKR,高一,19,历生政,女
SCSA,ROUVLPOWJ,高一,9,历生政,女
OETL,FXUPPDMGL,高一,3,历生政,男
KGBF,WQTWEKDVT,高一,8,历生政,男
SVIO,HNCCUQWEO,高一,17,历生政,男
RCFW,QZUNFVRWJ,高一,9,历生政,女
NXWD,EQVXRYGKI,高一,10,历生政,女
MRNL,DROUONFCN,高一,6,历生政,女
YFFB,NDSWTGHQK,高一,3,历生政,男
CFHV,YKZQJWBVQ,高一,5,历生政,男
PYXZ,EVJCRPJBE,高一,10,历生政,男
HUKJ,TMZWJJVQA,高一,15,历生政,男
PWOC,KALZHHIKT,高一,5,历生政,女
LYHZ,SYMRLBDUP,高一,19,历生政,女
JQJZ,SOLTBOFHK,高一,8,历生政,女
IDHT,UHHQGKQAF,高一,20,历生政,女
RBRR,LBOORYCBN,高一,2,历生政,男
BRLL,UAMNVRLSW,高一,6,历生政,女
BKTC,FLDGSBPNB,高一,3,历生政,女
ZHFN,UDHZMKNBU,高一,7,历生政,女
TCTP,WOOFIIPNA,高一,20,历生政,男
JIRN,IGLLNHIHM,高一,19,历生政,男
UAWO,YLNPIULYQ,高一,14,历生政,女
HNYD,HQHJKXNDM,高一,10,历生政,女
JWWV,JUCBWFQMO,高一,13,历生政,男
GUAB,RCRTLGOCY,高一,19,历生政,男
UUQC,NYAWDGJRA,高一,17,历生政,女
KIMC,YPKQCIZJW,高一,17,历生政,男
ZNLH,HNEUENOPK,高一,3,历生政,女
HQOD,KYLEHBATE,高一,20,历生政,男
FEMA,KPEQMGTZL,高一,2,历生政,男
WKMU,UNGKRWNAI,高一,6,历生政,男
INMA,NGOQSCDHS,高一,20,历生政,女
UXIO,EWVTZQVBD,高一,19,历生政,女
AMKE,YIZPWPCFL,高一,17,历生政,男
TYWC,AFCCFLAWO,高一,19,历生政,女
XOFQ,VZGMQOLZK,高一,16,历生政,女
IBKD,LNMKJJLGL,高一,15,历生政,男
FMZO,RBHGPMTWA,高一,2,历生政,男
HIZG,JYAJTFUMK,高一,12,历生政,女
UQIP,DJIAICDYK,高一,4,历生政,男
LZAY,MCIJQXNHA,高一,2,历生政,女
WIXR,DZKDTHIHS,高一,13,历生政,男
IYDW,PDDYYBDKP,高一,3,历生政,男
WSOV,HYLWIFHFZ,高一,12,历生政,女
CHZT,XDKKEQWPE,高一,20,历生政,女
XKGZ,PXHDGOQBL,高一,9,历生政,女
FSKW,CGLTZUMDX,高一,16,历生政,女
WPTK,AHJJCCKGL,高一,7,历生政,男
WQCE,KFDFTIOYI,高一,18,历生政,女
TXRN,YYBCWOSJV,高一,14,历生政,女
PNXS,ZOPSYPYHE,高一,13,历生政,女
GKYW,HYEVKQMLM,高一,7,历生政,男
GNDQ,UDPVGFZKL,高一,8,历生政,男
KIZL,XDHPLZSNX,高一,7,历生政,男
CZKL,GXLJVGKZZ,高一,15,历生政,男
NNIS,GEZTCMOHV,高一,6,历生政,男
OSAM,RYMSPMWLJ,高一,18,历生政,男
QQAZ,GVKKQXWPI,高一,10,历生政,女
QHLN,YQCLOLVIV,高一,4,历生政,女
DDNV,OUDZBURQJ,高一,9,历生政,女
KILT,UQLMJGAJG,高一,20,历生政,女
HKOI,BDAXENVCO,高一,4,历生政,男
LAFM,MTINKGCQQ,高一,12,历生政,女
REIC,CPUKRNTRH,高一,5,历生政,女
AGGU,OVIODQPYM,高一,8,历生政,男
OZXH,VAKQUQJRZ,高一,4,历生政,男
XRDJ,KMYAECHGU,高一,6,历生政,男
EZZH,DZLPUXOGB,高一,4,历生政,女
KERU,BJQXJCPYV,高一,6,历生政,男
TSWA,TDERBQMLE,高一,11,历生政,男
LVNV,NWYNXKXUI,高一,6,历生政,男
ZSLO,DFDKFPGZS,高一,13,历生政,女
SNOA,AKLAXHQCZ,高一,14,历生政,女
JSRU,MBXOSSUVM,高一,20,历生政,男
LDRN,KWJNFAOKC,高一,15,历生政,女
ALDK,NCEHEDEER,高一,7,历生政,男
ZLDK,IVJSDHIMW,高一,4,历生政,男
VFZT,BRUKFEGIX,高一,13,历生政,女
LAGI,AOBJSMKJF,高一,4,历生政,女
JENA,GPKVOGJZL,高一,16,历生政,男
FTJZ,TSEYTVOAY,高一,12,历生政,女
EWXC,HYQBIXIPD,高一,19,历生政,男
TLKK,JIEEYZACO,高一,20,历生政,男
HULN,ZVOSYMUTK,高一,9,历生政,女
XCAQ,KTNRERIKO,高一,17,历生政,女
IPTO,HCYVFXJKJ,高一,14,历生政,女
ENEQ,BVELNMADK,高一,3,历生政,男
TLNB,RQMVPCQAK,高一,15,历生政,男
QTOD,BECSICHSF,高一,10,历生政,女
LDBM,VMVKJCEAH,高一,10,历生政,男
BIVA,GUPSUZJWP,高一,2,历生政,男
UZXZ,DWLCKLQTP,高一,17,历生政,男
AMCO,YBFKIRBOU,高一,11,历生政,女
GJDH,WIMWUWTHZ,高一,2,历生政,女
CISW,OWVYJOOML,高一,9,历生政,女
IKAX,MWDBHFGTW,高一,6,历生政,男
QIAG,EAFEIOVWH,高一,15,历生政,女
LTUT,ZPLKJYOQO,高一,10,历生政,女
FAFR,MVLZOLHMK,高一,16,历生政,男
ESVP,JRZCUMHQU,高一,11,历生政,男
JPHU,KLEGJMEBV,高一,10,历生政,男
FRAA,TMKSFULEP,高一,14,历生政,女
SAIX,VVOEVKIFB,高一,10,历生政,男
FZTW,QEEHVZXPG,高一,14,历生政,男
YDYR,TGXVOZKWT,高一,6,历生政,男
XUUM,KSKFOWMKM,高一,3,历生政,男
LQAD,MMTKKFZRS,高一,3,历生政,女
QJEP,LMZVQAJJD,高一,10,历生政,男
SVVC,EKAEWVUPL,高一,7,历生政,女
PVOI,FWXXPCECY,高一,13,历生政,男
SDWM,ZJCQPAIOU,高一,2,历生政,男
WTPB,UFDXVQZLF,高一,10,历生政,男
ENMQ,PKNAUVJJI,高一,8,历生政,男
JUIO,YLIHDMHXE,高一,13,历生政,女
PPIW,BAFTSBLMD,高一,16,历生政,女
ZPUW,NCSIKPJQW,高一,11,历生政,男
QCZD,LOQQLOBYZ,高一,19,历生政,女
FAPD,BEHMBLPXP,高一,11,历生政,女
FZGH,YYELAQFZQ,高一,5,历生政,男
FAVV,YSVNERRTV,高一,14,历生政,男
TIYI,YDYXWFMXW,高一,16,历生政,男
SROJ,OLKVJANCQ,高一,15,历生政,男
BNOL,IHOLWHVXJ,高一,7,历生政,女
KSOW,FYXZTJZFC,高一,8,历生政,女
KRMV,LFJDTYYKO,高一,14,历生政,女
GVJI,YSVNNCOYS,高一,7,历生政,女
VQSW,ZVLXPKXIJ,高一,11,历生政,女
TRIC,HSVCBYCFP,高一,19,历生政,女
PMZS,CHGOBBVSI,高一,13,历生政,男
KXAV,LZPXJIPPL,高一,6,历生政,男
GDQA,OOGGVAAUB,高一,12,历生政,男
KMNF,LBXEPCUPR,高一,16,历生政,男
JHWF,TYMKSUIDN,高一,15,历生政,男
GGEO,TUNXKYEGC,高一,9,历生政,女
WHSK,GVYVNUMKY,高一,20,历生政,男
CKEF,DHZHWTXSC,高一,15,历生政,女
YUTX,KSAXPIOTO,高一,4,历生政,女
GXIB,OQYOTZTDE,高一,10,历生政,女
EHPU,CGDQHJSRQ,高一,12,历生政,男
MLNL,UKJGGXKIA,高一,10,历生政,男
JWXQ,FWOJNBOFD,高一,9,历生政,男
CWWZ,ERIPYZAOB,高一,7,历生政,男
VDGD,KYSQNHBXM,高一,5,历生政,男
TJGE,THMZVSTQF,高一,12,历生政,女
VQWA,SHYAGOXGY,高一,8,历生政,女
DPBH,YBVBYOUCG,高一,17,历生政,男
SLPU,AHAVVTPIZ,高一,3,历生政,男
QDOE,IVTOPPAGG,高一,10,历生政,女
JMNN,CEORZOADF,高一,9,历生政,男
