XUZZ,IPHHQIVAJ,高三,20,历生地,女
FVDS,UJOWTDALW,高三,15,历生地,女
HHKG,MQZCEIERT,高三,20,历生地,女
WRZV,WHBVGTDAJ,高三,12,历生地,男
XJAM,IQFHAVAZD,高三,8,历生地,男
WJPL,EVKUCOJIP,高三,4,历生地,男
RHZX,SDVZQQLGL,高三,19,历生地,男
FBUX,XVASAVXCU,高三,20,历生地,男
OXWL,RBFYWFPPZ,高三,7,历生地,女
ZUEL,LQDDCZGXD,高三,14,历生地,女
PAUK,OXRNCFQXU,高三,12,历生地,男
WOAT,ATNNJLRWA,高三,10,历生地,男
RGON,SKVPEPSEK,高三,6,历生地,女
QWVW,IGBAWEJDF,高三,2,历生地,女
ILMV,TBRCBNBHV,高三,7,历生地,女
EPDM,JANTWERNP,高三,4,历生地,女
BJWN,CTECZVUOO,高三,7,历生地,女
PNUZ,XZXOJZTNB,高三,3,历生地,男
BSPQ,NHIBIIVPI,高三,5,历生地,女
ERPI,XCTXUYCCG,高三,20,历生地,女
MYQW,HHUPIFGDC,高三,6,历生地,男
KRTT,JMLZQTFTL,高三,20,历生地,男
HSNM,VMZFHBQQU,高三,7,历生地,女
ZDZN,IJVXMMPNA,高三,3,历生地,男
EDHW,FNJIJHTPT,高三,9,历生地,女
JGPR,JIKPCGAGM,高三,19,历生地,男
CGOZ,GDBHEPAHV,高三,11,历生地,女
EKQW,XRHGLLUVZ,高三,10,历生地,男
SYBN,WJNFUVEXV,高三,14,历生地,男
JAJF,PKFDDDXMK,高三,12,历生地,女
PGRC,RXCWEOREK,高三,15,历生地,女
AVTM,SCIMUBWAY,高三,10,历生地,女
EBYG,FWAIIHASB,高三,9,历生地,男
ZSAG,MRYLGHCPC,高三,15,历生地,女
NXEY,DXFLBBKYD,高三,13,历生地,女
YEDG,NPBXZBYGZ,高三,4,历生地,男
SRXT,JDOXRSBTU,高三,3,历生地,女
TMPB,XJHACBAYD,高三,5,历生地,女
SJBT,FLPHUEVDD,高三,3,历生地,女
MDUE,YXNAYFZJL,高三,5,历生地,男
PSRR,PLSUOVNGR,高三,10,历生地,女
LFON,WVGMUSOYH,高三,14,历生地,男
RTVO,MCXMCCOAT,高三,11,历生地,男
QLLC,UTZHNGXYE,高三,13,历生地,男
JGNW,FHQPUFAZN,高三,15,历生地,男
GMOY,CWGCGXXNB,高三,16,历生地,男
UEDH,FUEGAOMHN,高三,16,历生地,男
WOVG,KUHOJVYYL,高三,19,历生地,女
JNOB,UDPPQEYFP,高三,15,历生地,男
ERGT,FNAXYMHKW,高三,12,历生地,男
FLDC,XRCSPTFZV,高三,17,历生地,女
BRDE,PTJCLDLGS,高三,9,历生地,女
MUHC,FDHTYLGIU,高三,10,历生地,女
PSUM,CBAYDJNCN,高三,8,历生地,女
NYKH,EIAVTFMAJ,高三,14,历生地,女
AYYH,LTCSGMDDJ,高三,5,历生地,男
RHBY,IMFEONLYT,高三,16,历生地,男
XJBQ,GCQPTAFKT,高三,5,历生地,男
TWVW,XEBNTQWAG,高三,12,历生地,女
GENK,DXPJSOOKH,高三,15,历生地,女
IRXA,FEJOURVAS,高三,2,历生地,女
BBRF,XUPQMRJTY,高三,6,历生地,男
WZZR,STOUQYFUL,高三,18,历生地,女
CNPU,ATZAWMYAN,高三,17,历生地,女
PXZT,AVVFVXPKF,高三,12,历生地,男
GAVY,NPYOFYXKG,高三,3,历生地,男
QPPU,WWQDZZWXW,高三,7,历生地,男
OKVG,TPIXCTMTU,高三,2,历生地,女
KDFB,IUKQCBIET,高三,7,历生地,女
TWMN,YXJLWFQPB,高三,14,历生地,男
PGMK,PBTHFFHNL,高三,7,历生地,女
JGAZ,JTDUOTMLJ,高三,9,历生地,男
CEKP,OTCIDNDPV,高三,16,历生地,男
QVVW,WOCFYZTWV,高三,14,历生地,男
SGAC,OAOYSHAEN,高三,15,历生地,女
VZVJ,TBWSBHTDA,高三,17,历生地,女
HPDN,CXGCSOOXL,高三,16,历生地,女
YAXB,QMFXGPNHL,高三,15,历生地,男
KPZU,REBWXGTZA,高三,13,历生地,男
CRPR,TOIXUATTQ,高三,13,历生地,男
UCJV,VKPOXQQRT,高三,11,历生地,男
ZSPT,OFBSQNVEG,高三,10,历生地,女
DBKJ,GUZRWOIZI,高三,10,历生地,男
FMCN,NOBERSRSP,高三,20,历生地,女
NVAS,SEEXRBXRW,高三,19,历生地,女
BAJV,BBXXCMZFD,高三,19,历生地,男
OPWW,ZMKEZFWAU,高三,16,历生地,男
UTZU,PPTKBRLSA,高三,8,历生地,男
SYSR,IZDNXGZNF,高三,13,历生地,男
HXAW,QRUOXCIJM,高三,18,历生地,男
PDPW,AIMVAZTVV,高三,19,历生地,女
WMDZ,VSPWKAFQB,高三,6,历生地,男
OWPA,QAVTWVIDR,高三,11,历生地,男
ALZS,PGCJUCUJX,高三,9,历生地,女
QYPY,ERIYPXEJK,高三,3,历生地,男
LDTX,BCFKJPPON,高三,3,历生地,女
SWEO,OYDJGXPKY,高三,14,历生地,女
OXGN,LIMKOCGKL,高三,12,历生地,女
WLXR,HWUMOQWTF,高三,12,历生地,男
KOQM,MNSVBKGXC,高三,19,历生地,男
OTHQ,OUPQJSBVR,高三,14,历生地,女
DGDE,BWPZZNLAM,高三,18,历生地,男
ZXUR,UZVLFXNVA,高三,11,历生地,女
VDAW,RNTGFLVBV,高三,17,历生地,男
HQOL,QVMAUJBLI,高三,2,历生地,女
YNOI,COAEYLIKA,高三,15,历生地,女
HSGX,YRVWRRZYL,高三,18,历生地,女
AGFJ,VLKBGNYKR,高三,20,历生地,男
ZIZQ,XGBPUPEPO,高三,4,历生地,男
PJIX,QOOPQZQCV,高三,15,历生地,女
CIVX,LQNWLYSLM,高三,17,历生地,男
AKFL,QFJLVBKPD,高三,10,历生地,女
WPKN,VWXKUBWRW,高三,3,历生地,男
RHPW,QGLSNGJQY,高三,14,历生地,男
RQVA,FAFFYGLCH,高三,2,历生地,男
BUKZ,XYOCURDJI,高三,7,历生地,女
QHJO,QYEUNXPUZ,高三,13,历生地,女
ELOV,IUATYOQXB,高三,5,历生地,女
CDOS,TYNZOPRBO,高三,18,历生地,男
HQEK,BCUAXGOAE,高三,5,历生地,男
AHKT,VDTHXLLOX,高三,11,历生地,女
KTAX,AHQUWPJJG,高三,2,历生地,女
HNTZ,JWVOWPJMF,高三,11,历生地,女
LZIT,TWAVUUZOA,高三,12,历生地,男
HQRD,CQOUGZMYC,高三,9,历生地,女
VXRJ,DTXQSBZFB,高三,7,历生地,男
AYHD,JPJRMCZXW,高三,9,历生地,男
AWIX,TDZYNDFZN,高三,2,历生地,女
ABIH,NIHIKQGAI,高三,7,历生地,男
PLFY,KWRHWYTNM,高三,11,历生地,男
AMUK,WHBNRHIKR,高三,14,历生地,男
XHOI,GMGXMYSUH,高三,8,历生地,女
TQKW,RWNUXWJIJ,高三,12,历生地,男
WQDT,GBCVCUCWK,高三,15,历生地,男
HFJZ,OZWTLIILW,高三,14,历生地,男
YLPV,QWBDXDPYI,高三,17,历生地,女
JYZR,HQZSFDQIM,高三,2,历生地,男
FFQK,JRVTLPMOB,高三,16,历生地,男
VLPK,RFKHPEHGG,高三,20,历生地,男
USQR,TMCFYKEFI,高三,5,历生地,女
ARFP,DAQMUXCIE,高三,10,历生地,女
BVIA,DWVAHVJUK,高三,17,历生地,女
XNDF,GCAHQMVQO,高三,17,历生地,女
KSHT,QCSNHWNYH,高三,8,历生地,男
QSAZ,AITGDPGLQ,高三,2,历生地,女
EJRR,UTLRONAVL,高三,8,历生地,女
OHEH,FJITHZYUI,高三,5,历生地,男
SSRE,BYHIXBPDQ,高三,7,历生地,女
QSFC,WSHEOOBWX,高三,3,历生地,男
RZWA,KRKPSZNEW,高三,18,历生地,女
XZWO,OGVNKWJBD,高三,4,历生地,女
RKCD,AMCSYNGUP,高三,20,历生地,女
GCIB,KVCFZGJPU,高三,9,历生地,男
HNYB,SMXICHKGI,高三,15,历生地,女
WNWY,AKVVIRFTZ,高三,11,历生地,女
NDHI,GQBURNTZM,高三,6,历生地,男
FSLJ,XTUONNEQK,高三,13,历生地,男
FSXT,JFYSCTAZL,高三,6,历生地,男
SVXN,MWHBNGSYK,高三,12,历生地,男
SZKC,GUOPMWCZX,高三,13,历生地,男
OPQK,OLVBABWLE,高三,17,历生地,女
UTYT,CRHYBFFCW,高三,15,历生地,男
WMMC,EMXHPMILM,高三,7,历生地,男
MPRC,TIUIRAOMO,高三,15,历生地,男
VCLT,KAHQHMOZY,高三,3,历生地,女
VSSI,HHPRUEIOE,高三,18,历生地,女
GKMU,MLTZMZXEQ,高三,13,历生地,女
DTRT,ZGVUNBMJG,高三,6,历生地,男
PRCG,BSBQAESPT,高三,10,历生地,男
KDYL,JCAFNHYMN,高三,20,历生地,女
WTQD,VIQNLUSIG,高三,2,历生地,女
PSSX,KFTJKTKNR,高三,11,历生地,女
GXAS,ZGPFPKGSR,高三,5,历生地,男
ZFPR,RBSJNFMKN,高三,20,历生地,女
OORX,PRTUIPIYU,高三,18,历生地,男
NFUA,AXBPVLKEW,高三,7,历生地,男
XMLJ,KFZSXBWEK,高三,12,历生地,男
ZMGX,LYCRESQQM,高三,14,历生地,男
FSDH,QXHFZTAAZ,高三,11,历生地,男
BLYY,NLSFMTBMZ,高三,16,历生地,男
UJFQ,UMKFQOQRS,高三,10,历生地,女
ZUII,KLPDKFSTU,高三,9,历生地,男
DMKV,DULCKMRLY,高三,7,历生地,男
SGJT,YMLGHIBPE,高三,4,历生地,男
YNEJ,ACKIKSVFL,高三,5,历生地,男
FKYO,VXSMRGBHQ,高三,7,历生地,女
DPOC,RVDFYUIJE,高三,5,历生地,女
RVGU,UDXQRUMAQ,高三,12,历生地,男
KFIL,IGFPMFZUP,高三,13,历生地,女
MAPZ,KJTWYRDYR,高三,18,历生地,女
MKNY,LJECIDQBM,高三,7,历生地,男
PMVX,FBCRRIBPT,高三,3,历生地,女
NYCH,VPIRDAHKY,高三,11,历生地,女
HPAN,KCTCOMCVD,高三,12,历生地,男
SHLM,RTQSOHTQH,高三,4,历生地,男
GLKW,GHVNWYRTX,高三,11,历生地,女
PHUT,RGUOJCRYH,高三,9,历生地,男
BLYY,IPVOBQYYM,高三,2,历生地,男
EEXL,ESSFQZPBJ,高三,18,历生地,男
ZFDS,KMMXDKJHS,高三,9,历生地,女
HFFU,HOWWRIQEV,高三,18,历生地,男
VERU,EOOWOESEL,高三,17,历生地,男
RSDB,DNASOJCCN,高三,9,历生地,女
UNEF,CVWSQSFNZ,高三,2,历生地,男
RNZT,QXCNZMKCF,高三,5,历生地,男
ERQP,IMGSSNHJI,高三,6,历生地,女
PSOE,SPEARBYNE,高三,8,历生地,女
CXSU,QZFFCEKQJ,高三,14,历生地,男
LEXH,QIMUCEMOH,高三,13,历生地,男
ZGRY,IVRBABFSV,高三,17,历生地,男
CFDP,LGCRTAZAY,高三,12,历生地,女
EXCW,XWZQJBRPM,高三,14,历生地,男
MAVL,JVKRKRHCQ,高三,4,历生地,女
TXTO,EMGEVCEWV,高三,19,历生地,女
JDOW,RRRJJCKLT,高三,6,历生地,男
ENIX,QWLDFKOKV,高三,15,历生地,男
DGWR,TSCOVULDE,高三,18,历生地,男
GAXQ,PKFJIFSGQ,高三,4,历生地,女
UBRL,VZAOPTNGR,高三,14,历生地,男
FCXH,JOIVYNUZS,高三,16,历生地,男
VVDT,YSANSSTBP,高三,2,历生地,男
BTKT,ZWSVCNIMG,高三,5,历生地,男
PMGN,BQXLCPMEQ,高三,9,历生地,女
AOUJ,MWTBYKLNQ,高三,11,历生地,女
GSCP,AKEASXFGA,高三,5,历生地,男
LVRW,PXHASTIHK,高三,18,历生地,女
YLWA,YDFLLGTLR,高三,3,历生地,男
FGEX,POHUHAYNU,高三,14,历生地,女
MBHB,ZSZWZLPPI,高三,17,历生地,女
ZZKD,MDVVWEOCA,高三,8,历生地,男
VFNZ,MYRZAZBHK,高三,14,历生地,男
TSLY,YLSRTUTZW,高三,7,历生地,男
NVRA,RXZVLLSUG,高三,16,历生地,男
CQYZ,IJZJLWCRR,高三,11,历生地,男
MKIY,CQZNWXMKP,高三,9,历生地,女
LIAW,XDFICZNVN,高三,14,历生地,男
NCMD,WXUZFJVBI,高三,17,历生地,女
ORLU,HRTSMZJSU,高三,8,历生地,男
YBZM,OLYTSEFCJ,高三,6,历生地,男
KKLL,AFMTAWTPF,高三,2,历生地,男
TDFI,TDCDLFBHN,高三,5,历生地,男
DTZU,IGAHYTHTI,高三,11,历生地,女
RYHG,MWUNDAHTK,高三,5,历生地,男
QFTR,FBDTHMBGO,高三,10,历生地,女
YMOM,XOGLVSNQK,高三,5,历生地,女
KXUS,ZDECTNMSP,高三,20,历生地,女
JZAT,WOBXZWYYQ,高三,7,历生地,女
BFXK,KFRJSNEBX,高三,17,历生地,女
YPAF,QSUSAVFXX,高三,5,历生地,男
QHZD,CMZVPJSGC,高三,2,历生地,男
BVXV,QEKESVRAP,高三,14,历生地,女
ZOOE,TXBHVVWLK,高三,20,历生地,女
XVUC,WCNLHLHSX,高三,18,历生地,女
LBWL,OWDHKOPVK,高三,16,历生地,男
BNZT,SHPVWNGPB,高三,2,历生地,男
IKVZ,EJQTQQSYZ,高三,17,历生地,男
PCGK,GTHOWYEBM,高三,11,历生地,男
EMIJ,FKOFDRUCS,高三,13,历生地,男
FOOH,NWXEZFWDE,高三,10,历生地,男
YMZI,OQSTNPGGY,高三,19,历生地,女
NCND,TNAMABDXV,高三,12,历生地,女
TFUD,EHOSOPFAC,高三,15,历生地,女
RZGR,DVUGDPXCS,高三,4,历生地,女
WVOF,LDUDJJHNK,高三,17,历生地,男
WNXJ,QJFRZACLF,高三,12,历生地,女
XBOO,CWYYRJQPZ,高三,20,历生地,女
PJIE,VMWXNVILT,高三,12,历生地,男
RGEW,NIEEGPTVU,高三,18,历生地,女
RBAC,UPGWSLAMP,高三,11,历生地,女
WGBP,HBCROHYHB,高三,4,历生地,男
GALO,GTWNOAXDA,高三,17,历生地,女
CPTO,JHUZHZTZZ,高三,16,历生地,男
VOKE,ZVSSJDYJO,高三,18,历生地,男
NNLA,MMWICYTAN,高三,15,历生地,女
IZJT,QOUJPCDHR,高三,15,历生地,男
ITYK,YNGKXMLDC,高三,6,历生地,男
NWIP,NLTQZIWXE,高三,2,历生地,男
PEMF,DMSEOMSVT,高三,9,历生地,男
VSLY,FANIQFSLK,高三,15,历生地,女
UOQY,HLBMRYQEA,高三,13,历生地,男
IRLT,BATCMKSTD,高三,5,历生地,男
JMVP,FAOVSKKDZ,高三,7,历生地,女
LHLZ,BEWRSPMYQ,高三,11,历生地,女
XVRW,DLUNIZUDS,高三,18,历生地,女
