FAZS,GDOWPJXFX,高二,11,历生地,男
BTQO,IIYZVVEHZ,高二,3,历生地,女
FCWV,VROSTGPPM,高二,5,历生地,男
GNTD,EHPCFNZOH,高二,18,历生地,男
HNAQ,UTJRHTIPA,高二,5,历生地,男
CYBC,QHVVOIZTE,高二,10,历生地,女
HFRM,LHZZLSFJM,高二,16,历生地,女
ANZR,FHMAKZAJJ,高二,9,历生地,女
USLR,CJAYVLLYT,高二,8,历生地,女
SDEX,MYCAGWIDF,高二,13,历生地,女
YUPS,FVXGAUENI,高二,18,历生地,男
AXUH,YUPPFGLFU,高二,18,历生地,男
YACP,XZXPOSDGK,高二,17,历生地,女
XTTD,NKUHRYYGP,高二,8,历生地,女
EYFA,VKSJAIBRA,高二,9,历生地,男
EQWC,WDZNWUOMQ,高二,14,历生地,女
WGPW,HWAMVSTFA,高二,8,历生地,女
VVNK,WNGSYEPBP,高二,12,历生地,女
BRVK,XCSWFWAZM,高二,17,历生地,男
XCOF,VXYZPUIQZ,高二,20,历生地,女
QDGB,ZJWCSEJRE,高二,20,历生地,男
QBGP,FZRVVDPKG,高二,19,历生地,男
UDOX,BBSJFHQVE,高二,17,历生地,男
ZJUU,RNSNGHASX,高二,20,历生地,女
OYYC,JWZZHZHNA,高二,3,历生地,男
KKIT,JEOPCUWZW,高二,4,历生地,女
TFDR,CGZDHOPED,高二,8,历生地,男
JCLZ,CGZSDTPMP,高二,10,历生地,女
MMSH,PTSRRHGPY,高二,12,历生地,男
XGHT,UYQVBQCXL,高二,3,历生地,女
XLFS,OHBVSROGX,高二,12,历生地,男
HPJH,NVIVGTMVW,高二,19,历生地,女
QCGF,RUHSJFSVW,高二,5,历生地,男
AASD,EFWGKUBXT,高二,19,历生地,女
UVWJ,RKOHSHTYD,高二,14,历生地,女
BGPL,DPMWBACIW,高二,4,历生地,男
WBQZ,TQFMDASLJ,高二,9,历生地,女
YJBB,CBKFPTMSD,高二,20,历生地,男
ALLF,KUQNPDIDF,高二,13,历生地,男
FHNH,CDDXOOBFZ,高二,9,历生地,男
HECB,NVABNUNGQ,高二,13,历生地,男
SJSN,XVMTERJZG,高二,3,历生地,女
ITZZ,TYSDINYLC,高二,5,历生地,男
VIOX,UEYENHMSH,高二,11,历生地,女
TAUW,RQGDGTVNM,高二,13,历生地,女
MZKJ,PKGZTMHKS,高二,15,历生地,男
FZHZ,GCCTPFSOF,高二,10,历生地,女
SDFW,HBBTVROCT,高二,2,历生地,女
WDSV,YGEXZTNJI,高二,10,历生地,男
BWYX,ZRARYQRHD,高二,20,历生地,女
CGHQ,MAYUHXNIQ,高二,19,历生地,女
XILW,OJOCDHJAS,高二,6,历生地,女
TNCN,RWMLCAWJC,高二,18,历生地,男
BKIJ,QBUFGMWHQ,高二,12,历生地,女
ACAP,HIIHKZEXB,高二,19,历生地,女
CBYQ,ZIKYPSIBQ,高二,3,历生地,男
YUXV,VXMTDKOXH,高二,6,历生地,女
CEJE,VQFNIDFVX,高二,6,历生地,男
RCIZ,LRVJEXFXL,高二,2,历生地,男
KVVI,CQIYWXOJF,高二,10,历生地,女
BZTC,BCEPNOYIA,高二,16,历生地,女
FBDO,DLPGMYISF,高二,13,历生地,男
BQJH,QFJHPFNUY,高二,18,历生地,女
QVEI,HJGPAPOEV,高二,17,历生地,女
EGVE,RRGYOIAXQ,高二,6,历生地,男
RKKF,NANAAMRDT,高二,18,历生地,女
OKZN,SGWZRYNED,高二,5,历生地,女
RCNK,LNXAUBILV,高二,17,历生地,男
ZYVO,TAOEHNVRG,高二,13,历生地,男
OGUW,GUYVVAKUA,高二,15,历生地,男
MPII,BVYCTPSWW,高二,9,历生地,男
YKTA,YSZNPDFEJ,高二,10,历生地,男
FJDJ,JVIWNOBYQ,高二,9,历生地,男
NNTS,OHGJILGUE,高二,18,历生地,女
SGIE,OXTKEJECS,高二,5,历生地,女
KCRP,UYLVGWPMA,高二,6,历生地,女
HWIN,TCSNSPETA,高二,5,历生地,男
TBUM,KQLDKMEJY,高二,11,历生地,男
FVKT,TDGFBHAUC,高二,2,历生地,男
OIZK,DVDFYKWBD,高二,6,历生地,男
FXNR,WOSPJDCTG,高二,5,历生地,男
KSDK,UKSIYUQXU,高二,13,历生地,男
WQBV,MVMPQUMUL,高二,8,历生地,男
SAPL,IEPBCHAQA,高二,19,历生地,女
SUDL,VXMTHEDFB,高二,12,历生地,男
RBEG,RNXSTOYOU,高二,8,历生地,男
LDRH,SVFFSMXVP,高二,20,历生地,女
IPTK,ZYGVYEWBV,高二,7,历生地,女
UWPI,SOWDAEQMM,高二,19,历生地,男
LGFR,XJZBJZTUF,高二,8,历生地,女
LCDM,MPPQCWOAG,高二,3,历生地,女
WGZJ,HTDCNKFVV,高二,2,历生地,女
QEIB,LCJZZHYLC,高二,7,历生地,女
XTER,LPDTKXLDO,高二,17,历生地,男
IRWD,WJMEEQFQX,高二,6,历生地,男
ELCE,JODXRKRCW,高二,13,历生地,男
CCZO,MNXGLITEB,高二,12,历生地,女
PTVI,FMLKEXVXM,高二,4,历生地,女
XWLP,CZEKUPVPX,高二,12,历生地,男
DFIB,PTFEMCKNG,高二,13,历生地,女
WYAN,YNUIHEAGD,高二,8,历生地,男
XRAA,NXXSSMRDZ,高二,8,历生地,女
JHOA,NLFTJIJCL,高二,20,历生地,男
BWOM,KWZHTVTPO,高二,15,历生地,女
HXZO,EELCKBJZO,高二,8,历生地,男
NRZG,QIZNRJLRV,高二,4,历生地,女
EVKT,RARWIJEHY,高二,13,历生地,女
HIAZ,CYUFMANWX,高二,3,历生地,女
LLZY,JYLLFYMXC,高二,17,历生地,女
JNKM,GYMLUFOKS,高二,11,历生地,女
JWBC,SIJDYCDIR,高二,14,历生地,男
URUJ,PYYNHXJTE,高二,13,历生地,女
NPDZ,GGLEYLFSU,高二,9,历生地,女
EQSG,KQNZPFHNK,高二,19,历生地,女
EQLA,KYCULBVCS,高二,6,历生地,男
UOMT,KIANMASPY,高二,7,历生地,女
DKVB,JDHJXTPWF,高二,14,历生地,女
KHGF,KZDPZWHFC,高二,19,历生地,女
JSEI,QURYFSCWF,高二,3,历生地,男
GEXV,XGVHZTNCY,高二,6,历生地,女
RJVW,VTQTHBVDX,高二,7,历生地,男
OWKA,KADZNXTEZ,高二,5,历生地,女
OSYM,TJMFIDHZO,高二,20,历生地,男
OWIA,YRUYGQFNT,高二,15,历生地,男
UMMK,GIMPPLHBC,高二,16,历生地,男
IEMP,VPMFVTKWF,高二,11,历生地,女
BNJQ,IVWJSIIHG,高二,7,历生地,男
QCAE,RMHDCZSWB,高二,10,历生地,男
SLFY,TDPFCZBYU,高二,13,历生地,女
KYVP,ZCECQXQFY,高二,10,历生地,女
GYMR,ZIKYCQHGF,高二,5,历生地,男
WGUJ,BVFOAQUEG,高二,9,历生地,男
HZAT,IEMCXSRWT,高二,17,历生地,女
AFSN,OPMARWEIY,高二,9,历生地,女
YHTN,HGZDPHLLN,高二,7,历生地,女
NIWL,RFRKXPPUA,高二,3,历生地,女
UWSD,BJIXFABCC,高二,5,历生地,男
SFWY,ZSMSEYQRH,高二,18,历生地,女
KIJF,DDKHCZGDI,高二,17,历生地,女
LZSH,NSDKYBCPH,高二,17,历生地,女
STEP,GDDDACFAH,高二,18,历生地,男
SEJV,WJURXLULS,高二,17,历生地,女
XTZN,LHLJJYGIR,高二,2,历生地,女
YHVP,GFAWFFGHU,高二,4,历生地,女
XFHA,FREYORIEO,高二,16,历生地,男
RTIC,RIEVPAANO,高二,11,历生地,女
UQJE,AZLFIPXKK,高二,20,历生地,女
RSFY,JPKFEVCXU,高二,9,历生地,女
VHNI,FHOCNVNVA,高二,2,历生地,女
BDZH,IBIBRITYM,高二,5,历生地,男
WVMU,OHUCGHARG,高二,5,历生地,男
FGGA,OQPLXBJLR,高二,18,历生地,女
VZMN,XFKCXYRHT,高二,4,历生地,男
QUPB,FGVWPLWWC,高二,13,历生地,男
KPKM,QFPJLWAUF,高二,11,历生地,女
PSZD,VJOQYVWIP,高二,8,历生地,男
VBNO,ZZQHOJKCL,高二,14,历生地,男
PFAJ,BSDAKXBXI,高二,5,历生地,女
YLJB,RSVTDRXXS,高二,11,历生地,女
OROE,NUIOHFSGG,高二,5,历生地,男
GRTE,HWIMYOGPM,高二,19,历生地,女
CSEF,PWAHWBBHL,高二,17,历生地,男
WXNI,UDAVYEAGP,高二,18,历生地,女
PPPE,TMQNZFYIB,高二,8,历生地,女
SWOX,EIHARPHOG,高二,9,历生地,女
QVKZ,LYEYUKWRG,高二,16,历生地,男
RDNR,RMTINYCWI,高二,10,历生地,男
LLUZ,WQNLUCGFO,高二,10,历生地,男
TLWF,XXEQFZNTS,高二,13,历生地,女
THLM,FXEHKEVLY,高二,10,历生地,男
WWUM,JJVRSRJYT,高二,15,历生地,女
PCLZ,SVOKNMWOJ,高二,8,历生地,女
SYST,BXRIVQTTO,高二,6,历生地,男
WOXJ,KMMHCORWG,高二,12,历生地,男
VRSO,IUEIQUNDW,高二,14,历生地,男
IQFW,ZIJLUVANG,高二,3,历生地,男
TLUE,QWXNFVQWH,高二,3,历生地,男
BHQF,YCJDOPGRC,高二,19,历生地,女
QRNC,WNKIWXLOE,高二,19,历生地,男
OFKP,IOKFTUHUB,高二,4,历生地,男
GYSQ,KEANCQLJL,高二,12,历生地,女
TLHL,JROMAUTXX,高二,13,历生地,女
FANR,BUEMMDQFD,高二,6,历生地,男
EOCC,APTVDWAMP,高二,7,历生地,女
DWZL,NKWIFNCEE,高二,18,历生地,女
QIKU,RKUFRLQPX,高二,9,历生地,男
XMOY,UKMEGAIPY,高二,14,历生地,女
MYOK,BFYXZPFMB,高二,9,历生地,男
YHAO,BCXHXSPYS,高二,8,历生地,女
KKIL,IRPAVVUMX,高二,15,历生地,女
MPEE,YLGGDEBGX,高二,18,历生地,女
SMNQ,AZCSUTGEU,高二,14,历生地,女
XYGS,SCUTPLMVH,高二,16,历生地,女
PFJN,QDWYVOBMT,高二,12,历生地,男
RYUC,WLIVUHTAQ,高二,16,历生地,女
PTKF,ASLIMHRUB,高二,14,历生地,女
OZBL,HMBOPOJSK,高二,19,历生地,女
HTIN,NAQEAXGRY,高二,6,历生地,男
VMZB,OGNHWNJNP,高二,3,历生地,女
KKJY,WMAZSOLDF,高二,10,历生地,男
FLQW,GDWFBGZCY,高二,20,历生地,女
XJIA,PDFFXBEPJ,高二,14,历生地,男
YMFK,DCYAZYHEH,高二,15,历生地,男
VOFJ,XVCIDHODH,高二,11,历生地,女
DJJJ,XOLBSXGOZ,高二,19,历生地,女
YRJU,OOLUNQYDY,高二,9,历生地,女
SUUR,FXESVEWXB,高二,16,历生地,男
RRYC,DNFIOYCYB,高二,3,历生地,女
IHYI,QAVYYNOIY,高二,8,历生地,女
JVIF,RDGIQJEUX,高二,12,历生地,男
YYAX,PZCIZWIUW,高二,17,历生地,男
DLHW,FDSHKOOVN,高二,14,历生地,男
ZABB,QYABDBWUC,高二,19,历生地,女
QSWJ,ZJFHRUCSP,高二,18,历生地,男
YDYS,TXTDOJOKP,高二,6,历生地,男
KEJW,KOEHPKMBQ,高二,6,历生地,女
NSWZ,KGNVPDBHD,高二,6,历生地,男
NSLX,LOPXRYMFP,高二,9,历生地,男
QVYI,NICIGYCCV,高二,12,历生地,女
DLCL,KVHAHDUGI,高二,2,历生地,男
RPGQ,WIIXZOXYG,高二,8,历生地,女
OLAK,NKVURBRAD,高二,5,历生地,男
NDKN,XRUGVYZFV,高二,6,历生地,男
RFAO,DLVYVFZPQ,高二,10,历生地,男
UYZQ,MFIEAGILC,高二,6,历生地,女
PRQI,SCBVRQQNT,高二,20,历生地,女
SVME,JOYLCTSZM,高二,16,历生地,男
QDBU,TINIVPPVB,高二,9,历生地,男
XRFW,EFVSEGMRL,高二,7,历生地,女
WKBK,BLLEGXEPC,高二,13,历生地,女
CRDX,ROUHWVOIJ,高二,19,历生地,女
IWPW,QPVIWTMNV,高二,13,历生地,男
XEFA,MSIOYJZUS,高二,17,历生地,男
ZUCL,WLRZQRDCP,高二,4,历生地,男
ETZW,RMJQFZLYL,高二,5,历生地,男
YSXZ,TEZOJJXDW,高二,8,历生地,女
GIMW,XVCRMALNL,高二,4,历生地,男
XDLH,LHYVSPNST,高二,3,历生地,男
BFEC,DXCSEQMSS,高二,13,历生地,女
EVIF,CRISKCPLM,高二,13,历生地,女
ELJZ,SLFVWUVMV,高二,19,历生地,男
GUSP,TAHJULQRT,高二,3,历生地,女
JROL,BEWIOKKQS,高二,8,历生地,男
SQKN,GUHFLUKLY,高二,9,历生地,男
LJXF,JRIDMKJJD,高二,3,历生地,女
VMZM,BXWJWUKPS,高二,11,历生地,女
PHBZ,QUVJTZLRY,高二,12,历生地,男
UFPQ,FEGEJMHFB,高二,5,历生地,女
PICS,RAKXHVCJN,高二,2,历生地,男
DBRL,CRACLZWUW,高二,9,历生地,女
APRB,ACKOAEJET,高二,13,历生地,男
JIRD,LVJVZIIBE,高二,5,历生地,男
HVSL,NOCAMTLSX,高二,16,历生地,男
LYHR,KNITCUPDX,高二,5,历生地,男
MSEH,MOPZSBZDL,高二,4,历生地,女
NXZU,EZWDDATBV,高二,13,历生地,女
PENM,DTZSOTXUU,高二,11,历生地,女
ISDP,VCFZJFWCK,高二,13,历生地,男
SAKE,MDAAQNGEH,高二,5,历生地,男
OEAR,BGPMSIZUI,高二,4,历生地,女
BMHL,ELAIBCROR,高二,12,历生地,女
JFFB,JRDMERAIM,高二,20,历生地,女
CPNS,GAPKJYSXF,高二,20,历生地,女
PHTJ,SXAALQXZI,高二,2,历生地,女
BSBI,VGMLDQOGP,高二,3,历生地,男
IAVE,PVFRYXVMP,高二,6,历生地,男
SXUU,RXMKPDOVY,高二,5,历生地,女
RRSP,PAQVGLQKP,高二,13,历生地,女
TATT,EGXAAAMDJ,高二,11,历生地,男
VALN,BMYYKCDTY,高二,9,历生地,男
CFBQ,HIONXIZDJ,高二,19,历生地,女
QZRO,RWVBIPMFI,高二,10,历生地,女
INMF,AJWOOGOHH,高二,7,历生地,女
RDWG,GXQQEZLEC,高二,18,历生地,女
TPBE,VCXEIPCLW,高二,9,历生地,女
JPEU,BBEGFVXVQ,高二,13,历生地,男
UHGB,RTWSDSBFV,高二,17,历生地,男
KJBV,XKFKAMUUY,高二,2,历生地,男
DNAX,XVMHUEVFZ,高二,11,历生地,女
RRHR,ERWOEEKGY,高二,10,历生地,男
PVUW,ZMOFDTIAJ,高二,10,历生地,男
ZPTS,HLINBPPII,高二,18,历生地,女
ZBZA,SXFXENGHX,高二,11,历生地,男
MKOK,DDKHYNEOF,高二,17,历生地,女
QKPA,KXOMAYWXA,高二,15,历生地,男
STUT,DJVPRKWZZ,高二,18,历生地,男
WBDJ,YKRKHGWWA,高二,11,历生地,女
CEVV,RBOBXNNHJ,高二,9,历生地,男
BJJO,RKJZNSMWC,高二,15,历生地,女
ZQRB,SSPUUPWMN,高二,4,历生地,男
SMAQ,KJQNXVYWV,高二,11,历生地,男
IVJQ,ETSDCKORC,高二,3,历生地,女
UKQW,NAAHRLSUA,高二,14,历生地,男
HHAP,YNSTIXQCV,高二,18,历生地,女
XAHW,YLRKJZLTF,高二,7,历生地,女
UEXT,POGIMOHBQ,高二,4,历生地,男
HJGX,GACTOYHXI,高二,19,历生地,男
YWTC,CMBKFAOLL,高二,17,历生地,男
OKLK,XDRGHUUHU,高二,14,历生地,男
BDAO,MDHDGEKEQ,高二,2,历生地,男
TXFQ,UCFXPHKUA,高二,11,历生地,男
GKAY,YXZJOXPYF,高二,19,历生地,女
HCRO,OLLGGJTFS,高二,14,历生地,女
TESD,QSWPDLQMT,高二,10,历生地,女
MTDL,TQEYDXUBG,高二,7,历生地,女
HZTH,OXUXELCGN,高二,3,历生地,女
HUJQ,KEXELIZVT,高二,19,历生地,男
OUPN,FUFXLWDZN,高二,2,历生地,女
HRRK,UMCEBGCLC,高二,4,历生地,女
TAKL,HHENKWBUP,高二,2,历生地,男
LCXG,EHXDBGXNH,高二,3,历生地,女
YDCG,YKXGSHBIJ,高二,7,历生地,男
