KNFV,IQNLFOWGC,高三,5,物生政,女
JPLG,YOGKEIDDU,高三,17,物生政,女
XXTU,OHKAGIQFH,高三,5,物生政,男
DQWP,VNZWNKSDQ,高三,6,物生政,女
JMYQ,GJXNBEKAK,高三,14,物生政,女
QXCA,IHTJUAOLF,高三,9,物生政,男
RCII,LGBRTIDHD,高三,5,物生政,女
FCDP,FUWJFACFW,高三,2,物生政,女
TREL,JYYSNGTLH,高三,13,物生政,男
UAZH,IHOQZEXSM,高三,16,物生政,女
JPXA,ABPIFTVHN,高三,4,物生政,女
EXUH,UWJSDYRFX,高三,7,物生政,男
JTNL,VMZOYTALB,高三,14,物生政,男
FXBY,BDVKXPPTZ,高三,11,物生政,女
LLUN,EEIUEMQBZ,高三,2,物生政,女
OBGJ,ZKQNGQRLU,高三,14,物生政,女
GAGG,SMDJNJTPT,高三,11,物生政,女
LZYR,PEEJKOYLC,高三,4,物生政,男
LFXD,UOJTNTDRM,高三,3,物生政,男
STUB,BRWJUBXBG,高三,2,物生政,女
SZQC,UHKWAVMHX,高三,16,物生政,男
PQVH,HHKAWNWXB,高三,13,物生政,女
ESIK,AGBYPURRD,高三,3,物生政,女
SBRV,MDXEWXRFE,高三,4,物生政,男
EVUL,PHIVCBTYE,高三,14,物生政,男
GNNL,AXFOSDBSR,高三,15,物生政,男
IPYQ,DHUJXUGFP,高三,7,物生政,男
YKXU,ITXCCXIKY,高三,12,物生政,男
EVER,LXXKZLTNW,高三,16,物生政,男
KKQA,SVSQYALZB,高三,12,物生政,女
TLNY,JUPFOWFCY,高三,4,物生政,女
BVZZ,KSQQXHHEZ,高三,14,物生政,男
XFVZ,NKVPFWFKW,高三,11,物生政,女
UYFY,SGZXDGELD,高三,9,物生政,男
GUAZ,DFWULQDXR,高三,9,物生政,女
JWRI,JQWZHUVWM,高三,8,物生政,女
SOQV,RIFXFPTKY,高三,10,物生政,男
QQWL,UVXCOQKWL,高三,8,物生政,男
NYTE,JZITUKYRB,高三,14,物生政,女
MWAC,LELUTRKZN,高三,5,物生政,女
GBAD,DUIKUBEBR,高三,12,物生政,男
AOMH,OILBFJYSC,高三,11,物生政,女
YGNK,NKPMDYJPS,高三,3,物生政,女
XQGL,OXLYBEFPU,高三,6,物生政,男
OAVI,UWJDIJQED,高三,2,物生政,女
VUJF,PJZVXZOHX,高三,8,物生政,男
LVZM,EIVYOSLLM,高三,12,物生政,男
VJRC,FWCBQWHVG,高三,14,物生政,女
UUIV,LOYGOUTMQ,高三,10,物生政,女
JDUH,WYYRDSAOA,高三,13,物生政,女
SQTE,EJMUJOFOA,高三,17,物生政,男
HZGB,STNSSKBCB,高三,12,物生政,男
UAZR,SYVEJUOSV,高三,8,物生政,女
RFWF,BLXFFLGHA,高三,12,物生政,男
XHEI,NVHQLANFY,高三,19,物生政,男
VTDN,NEWIVQDQY,高三,6,物生政,男
LRUZ,IWMRESWOY,高三,4,物生政,女
CVLL,IVLMHJOLX,高三,3,物生政,女
RHYN,NRKYRRREG,高三,18,物生政,男
XRMO,IAXMKHTXH,高三,5,物生政,女
AGEZ,EDGSMTCTC,高三,19,物生政,女
YEVK,AUAWMAJIG,高三,8,物生政,女
JMCW,QLLENOOJW,高三,17,物生政,男
APNG,ZIVDVTGFZ,高三,19,物生政,女
RFJS,RMDUWANHR,高三,3,物生政,女
HACI,YHZVPYKFI,高三,13,物生政,女
HJIC,NCIDCMVWD,高三,20,物生政,女
KHTX,IPTNMLZGU,高三,6,物生政,女
VRPR,PCKYKCIUC,高三,15,物生政,女
PXZN,BBJBTNAMT,高三,13,物生政,男
IXIO,PHFUFWWNP,高三,15,物生政,男
HSBR,KFLNBSISR,高三,17,物生政,女
FBWD,MWHDURUJS,高三,7,物生政,女
CJDO,IPRJXAMEG,高三,7,物生政,男
XKNX,GNFBOULYS,高三,2,物生政,男
WFTX,WOHZJHASN,高三,13,物生政,男
EZLM,DPLUQCPTN,高三,8,物生政,女
AMVV,NBIJLTGTY,高三,12,物生政,女
LNTD,ISKHCMAOG,高三,7,物生政,男
CZQF,MHHESMMEX,高三,3,物生政,女
HPVI,IWIXPRSBL,高三,20,物生政,男
CYRX,GJPUCRLDS,高三,3,物生政,女
RGNC,LQSGWDPNB,高三,4,物生政,女
SVOD,SYWCLMDAA,高三,10,物生政,男
YQMX,GMNOWVYEZ,高三,9,物生政,男
TFVH,PASTQGMHJ,高三,13,物生政,女
JZVI,UKGRFRNRU,高三,3,物生政,男
TZOP,GDHBSLJIA,高三,15,物生政,女
DVRW,SKTQBRNSR,高三,19,物生政,男
PXET,APDWZYYGD,高三,18,物生政,男
NIUK,QQUKDQMBG,高三,3,物生政,男
UPSZ,TZCKSQAKO,高三,14,物生政,女
YRSW,JUAVTCESV,高三,20,物生政,男
WAJG,NDCSAYIVB,高三,8,物生政,男
BHZO,FXZBAEQIG,高三,5,物生政,女
OGRN,LZBQYFPBN,高三,8,物生政,女
DNTI,QAZTTHQTJ,高三,16,物生政,女
ZGGC,JKDQFHEQD,高三,5,物生政,女
OHNJ,VUJSARPLR,高三,9,物生政,女
NHAS,KOQHFHROW,高三,4,物生政,女
ANTX,YQWLXNZFO,高三,7,物生政,男
XPRO,EAXWAZSSJ,高三,2,物生政,男
UDMS,JEAUCOQYT,高三,16,物生政,女
QENW,QDGAARLGM,高三,18,物生政,女
IOPF,YIBOJXASM,高三,20,物生政,男
JREV,STNPEHPRP,高三,2,物生政,男
HCFW,HWUZSLZNI,高三,2,物生政,男
NMZZ,TJCETTBWQ,高三,13,物生政,男
CWNC,ZDFFVDDTQ,高三,19,物生政,女
UZFK,KVOXTTEDG,高三,18,物生政,男
VEYQ,AURHZBGFP,高三,6,物生政,男
XJTW,ERGQHTNDE,高三,3,物生政,男
QNRP,KQPLPCLED,高三,6,物生政,女
TSFN,GMUZYEJSO,高三,15,物生政,男
MWEP,CCVUIZAWH,高三,18,物生政,男
DPHZ,ZJOHIPASZ,高三,20,物生政,女
MLZE,XYOGBVTHG,高三,19,物生政,男
RXPZ,SXNRLOELB,高三,9,物生政,男
UAKC,DPVDJBPQE,高三,20,物生政,女
ORFJ,LIXFRWSDD,高三,3,物生政,男
RZAY,DDHUPMFTX,高三,20,物生政,女
CVIP,HDYYHWANK,高三,7,物生政,女
UIBP,KEWMYLKQM,高三,5,物生政,女
VAZI,ECYRXMMYQ,高三,12,物生政,男
JVNR,GJCIJDNEQ,高三,10,物生政,女
FQOR,NWKFVMMJS,高三,15,物生政,男
NXEK,HCBLBMIMZ,高三,9,物生政,男
MVOX,AZEGPOATZ,高三,2,物生政,男
OIEY,GWULNDROO,高三,4,物生政,女
XVLG,RXUVKHGAT,高三,17,物生政,男
TAZI,MIIBCBUYX,高三,14,物生政,男
HABP,SCSLTUJHQ,高三,8,物生政,女
DMVY,UBMNDAAPL,高三,6,物生政,男
TNEH,AMUMPIVIQ,高三,10,物生政,女
HJFK,KTBJXGYAY,高三,11,物生政,男
LDGC,LVUIDMBUX,高三,20,物生政,男
ALNY,CKDGLPHGB,高三,14,物生政,男
SYVM,NPYMADEKO,高三,14,物生政,男
ZTAH,HQGFBYNBO,高三,15,物生政,男
CGOL,VUJAHMERC,高三,15,物生政,男
TOMI,MSBGXVHXC,高三,9,物生政,女
RRQJ,VFMJCCQTE,高三,15,物生政,男
CJZJ,QLMKYITRL,高三,20,物生政,女
MHZI,IIZEMIDSI,高三,11,物生政,女
OKPP,RYTQQSNXZ,高三,10,物生政,女
RSYU,ZNJRIQXWI,高三,12,物生政,女
NRTD,ADFGAZMHQ,高三,17,物生政,女
NINR,NGIBCKYGZ,高三,9,物生政,女
ALQV,VYAOYBZLR,高三,11,物生政,男
WTLC,MNXZQQPZR,高三,10,物生政,男
QMWM,ZFBYFSTOV,高三,17,物生政,男
BSFG,MTMZKNRFX,高三,18,物生政,女
XOPG,XQPZNZCPE,高三,16,物生政,女
AMIN,AIWSYQKUJ,高三,14,物生政,男
AKIW,ZOBKPISFF,高三,5,物生政,男
ZHNQ,YAGNVAVBN,高三,11,物生政,男
KODM,HCBAYODBH,高三,11,物生政,女
OLBN,BFSTSQMOH,高三,14,物生政,男
YZPC,VNCAAHAFB,高三,15,物生政,男
IGVU,KEBIXWQOA,高三,15,物生政,男
CNQM,HMACUXPYY,高三,6,物生政,女
QRYD,MBPITKZPS,高三,13,物生政,女
BTLZ,NWVTQUXLR,高三,14,物生政,男
MDVI,IXMAVBMQU,高三,5,物生政,男
QACD,OLBZPIEFZ,高三,5,物生政,女
GSNM,XEIUTNHDT,高三,19,物生政,女
LINQ,SWLPXXLYE,高三,11,物生政,女
BPBC,PKTRXSTRL,高三,17,物生政,女
HPEB,CMLALXRYN,高三,20,物生政,男
PXUG,FHEYNTNKG,高三,18,物生政,女
TBLH,AMLACQMAC,高三,18,物生政,男
UDFS,FZTKDVZCQ,高三,5,物生政,女
RJWU,PRVZZPCDA,高三,15,物生政,女
PRJT,IDVSYTCBG,高三,15,物生政,男
NANG,IECLBVJNR,高三,2,物生政,男
PFUF,JEAVZYNSC,高三,2,物生政,男
CUOE,HXHZXZTBU,高三,3,物生政,女
CBHE,OQWRUOIRL,高三,2,物生政,女
IETE,FUDPQPLFD,高三,14,物生政,男
PUDD,SCQELTDOS,高三,13,物生政,男
OIZX,FLQBGLUJL,高三,10,物生政,女
MYTM,MVFKVWUBA,高三,8,物生政,女
RZDY,BAXNAZNUU,高三,8,物生政,女
XKLJ,ICSKCFYYR,高三,11,物生政,男
KYQG,EJTJIBIOA,高三,3,物生政,女
QDED,ZMIBKJEEM,高三,10,物生政,男
DNHI,UMRXUNPLI,高三,15,物生政,女
NAVQ,IVCHBRVYF,高三,6,物生政,女
VBQD,BHSPMSHND,高三,18,物生政,男
UFQW,INKONMTZO,高三,15,物生政,男
WEPN,VAGANPNLE,高三,11,物生政,男
WCXC,LTUMJQIVW,高三,20,物生政,男
NYZH,IFVJIWBHC,高三,9,物生政,女
CPON,TZUUZUHYB,高三,12,物生政,女
GWER,RSPJFQEXD,高三,8,物生政,女
KXLR,FJATSPOTX,高三,10,物生政,男
KPSO,VZGIGOMFS,高三,17,物生政,女
ZMAF,CMFNNGZOI,高三,18,物生政,女
KCJY,UJXVUKCLZ,高三,2,物生政,女
MKBK,YUMCJDJDJ,高三,3,物生政,男
APWU,NJWKOJRWJ,高三,11,物生政,女
DXRP,LCQNQFWTL,高三,13,物生政,男
QRAI,KFOATIRIV,高三,11,物生政,女
FOVC,NNMVNDEUS,高三,2,物生政,男
KWTM,JJPZGNOOL,高三,15,物生政,男
FVGT,TUCJSHOUE,高三,6,物生政,男
PGCM,JJGQVMXGX,高三,19,物生政,女
NGRK,XSQNZQWLZ,高三,20,物生政,男
BHRP,QTVTPIUNN,高三,14,物生政,男
UFDH,DNZHMFKRC,高三,4,物生政,男
HUQG,LQYOOLYDO,高三,11,物生政,男
FGFL,CDJDWUAQD,高三,17,物生政,女
BONB,WYSPYZWCK,高三,9,物生政,男
VTGO,FYGPZMEIT,高三,19,物生政,男
KKDM,JLPKLZGXB,高三,17,物生政,男
NHPZ,THWRHGLKV,高三,15,物生政,男
SIYN,IZCJZFEMF,高三,12,物生政,男
KVCI,ARLPJNTSR,高三,2,物生政,男
MKDV,UQHASZRVF,高三,18,物生政,男
JVUO,APOGRQJLT,高三,7,物生政,女
UTXJ,XEGJDVPYU,高三,13,物生政,男
HRAH,TESNTVAPO,高三,17,物生政,女
NJYJ,GOZPGENBZ,高三,6,物生政,男
MVRM,PEPDUXDWX,高三,8,物生政,女
HZOO,AYHIIRJYQ,高三,13,物生政,男
BQDA,RKFCNXKFU,高三,11,物生政,男
VGJC,RNTTVRBAQ,高三,10,物生政,男
CSEX,MAXYLTKBI,高三,8,物生政,女
JMPJ,LTYUJBDZU,高三,10,物生政,男
KTLV,WAJARZUKA,高三,12,物生政,女
AFMU,FBBZEKJJZ,高三,13,物生政,女
JXJJ,HKPEWNLHX,高三,18,物生政,女
YXCK,WSXQYBLLN,高三,4,物生政,女
ONIX,OVTBFIWLM,高三,6,物生政,女
ZFEI,OOSBIMGHZ,高三,9,物生政,男
UPBN,ZLMZWQJLG,高三,3,物生政,女
VYSE,OZDQRFUHF,高三,5,物生政,男
CDYH,ILCJJNSWV,高三,2,物生政,男
HHHR,BDWSGSJRJ,高三,7,物生政,女
JYCQ,OWCRYIIFT,高三,3,物生政,男
GXEY,ARKBHLCEK,高三,18,物生政,女
XXKO,XDGRYKJUB,高三,8,物生政,男
FYXA,UMUMINHUK,高三,17,物生政,男
LGWN,XQDIKMUSH,高三,17,物生政,女
OILY,QJSGMLMFO,高三,6,物生政,女
HGIY,VWXIHOWTT,高三,3,物生政,男
KJHI,QUFLROJGW,高三,7,物生政,男
YSED,DPKKGIUUA,高三,9,物生政,女
GOLM,IOWFEYMMA,高三,7,物生政,女
UIEB,DTZBCYHHE,高三,6,物生政,男
PWAP,AALRDEDNR,高三,10,物生政,女
RQVS,WEWRDGDKN,高三,16,物生政,男
UCUI,SLIIOXYVQ,高三,9,物生政,男
HKTG,EGLXBAUHR,高三,16,物生政,女
VVYZ,HNMHFLMFE,高三,11,物生政,女
HHMB,EPWDMOJHM,高三,15,物生政,男
RPHP,JQCTRNXEI,高三,9,物生政,女
ACOL,WYKIPLJHV,高三,20,物生政,女
WPKK,XMAEEXMZR,高三,10,物生政,女
TUCZ,TKAJINYLX,高三,18,物生政,男
JVEJ,SLLDCLSGX,高三,10,物生政,女
WLGE,IYROIZNXG,高三,2,物生政,男
NMBM,WNPFNEVVJ,高三,9,物生政,男
XIAQ,ZSVCNLFMI,高三,19,物生政,女
GEIT,BLCUZDZCH,高三,2,物生政,男
XGDH,MDSEJSELF,高三,2,物生政,女
PQYW,HPAUUBYMS,高三,5,物生政,男
NYJO,PPBUOJIJB,高三,8,物生政,男
SNFH,KBUZJWTTH,高三,13,物生政,女
JSWF,CEXVDVYLF,高三,7,物生政,女
SPNV,REMKIDSKX,高三,12,物生政,女
JTFZ,CPURATHVI,高三,12,物生政,女
JBVC,IEUXAUZLF,高三,20,物生政,男
OALB,GDIGOJDSN,高三,17,物生政,男
SCVA,IGXCVMSZZ,高三,17,物生政,男
BSBI,XJDEUIHXJ,高三,4,物生政,男
SKJT,XJJNCIOQK,高三,4,物生政,男
QNNA,XAIXTESVR,高三,16,物生政,男
KCIW,OXURPUEEG,高三,17,物生政,女
APVF,GMVQTCXKG,高三,20,物生政,男
UPHQ,OGGDOVDFB,高三,7,物生政,女
KOCG,DXYXCXPCH,高三,9,物生政,男
RIJF,KNLMCYQWU,高三,14,物生政,男
SXDO,IEUIFZUPW,高三,6,物生政,女
TATZ,QVHUSDINL,高三,14,物生政,女
CYJZ,WQJWDYWSE,高三,2,物生政,女
HJEY,GVSKQOZQP,高三,10,物生政,男
OFOY,PKMHIOYEI,高三,2,物生政,男
IEUD,WESUCWADL,高三,7,物生政,女
TXZD,NXZNQEXQD,高三,9,物生政,女
YPMT,GETWROPZS,高三,16,物生政,女
UFHK,UJNBJFZQA,高三,18,物生政,男
GKNQ,JAEEZLVJU,高三,14,物生政,男
HEZF,ENLVWDOHZ,高三,19,物生政,男
LTIO,TKKFQTFZL,高三,7,物生政,女
DRTT,XRIIOVCYC,高三,8,物生政,男
WFSK,LKUBQHGRW,高三,12,物生政,女
DWIF,MXTQKQBMM,高三,20,物生政,男
WWPW,SGEWMXAVS,高三,19,物生政,女
XAAF,KMGPSUARO,高三,8,物生政,男
PXMM,IVLEWANGP,高三,17,物生政,女
DQJH,DVNQMQOOF,高三,9,物生政,男
OFMI,IJIPMLUJL,高三,17,物生政,男
EMAK,MOCYTWRMZ,高三,8,物生政,女
TBSS,OOQCSIZIK,高三,14,物生政,女
SUON,USERMGZZP,高三,8,物生政,女
EDSA,MBWPYEPLA,高三,18,物生政,男
