TTFO,AIFJCBVWQ,高二,12,历政地,女
PXKP,JNILXYYVJ,高二,18,历政地,男
WJMR,GFYGJMBVM,高二,20,历政地,男
HCIX,KECDRPNQI,高二,13,历政地,男
GNSD,TLBMEAVKU,高二,4,历政地,男
TOLJ,SEWGVVPRY,高二,11,历政地,女
SZXH,OBDUZRYBT,高二,12,历政地,女
NPPX,WEKVYLVVV,高二,11,历政地,男
GLLZ,PFGQKGCIR,高二,7,历政地,女
QWWS,GEIHFYSZQ,高二,12,历政地,女
XMZT,MRGONSQII,高二,14,历政地,女
JOLX,FJACQFBBQ,高二,3,历政地,女
YGLQ,VRXXJCFPY,高二,17,历政地,男
BTLM,YOLXMUWRK,高二,5,历政地,男
LCJV,JDINLCRLZ,高二,11,历政地,女
RRQL,SVUWAMGSH,高二,5,历政地,男
KOHV,TNMPKIJEM,高二,13,历政地,女
CZXW,FYGDCBTUZ,高二,16,历政地,男
PAIP,PSFLNJIRT,高二,7,历政地,女
FJWI,CBTPHWYMO,高二,12,历政地,女
JVMN,MKTXPRCAC,高二,7,历政地,男
AVQJ,PNQNWXOZW,高二,4,历政地,男
GBZK,VDQXVPTZL,高二,8,历政地,男
WQFJ,ZJDFLDZYT,高二,15,历政地,女
UJHW,DTXPGSKUV,高二,12,历政地,男
WECX,FSDBSCKER,高二,17,历政地,女
KFCO,FJJWMZGDA,高二,8,历政地,男
NESK,DNBBBTDBO,高二,7,历政地,女
EFKA,IDFNGSFNC,高二,17,历政地,女
FDCH,QSMNBNOPI,高二,17,历政地,女
IWQS,FCPUXPKAU,高二,10,历政地,女
BQTX,IEIZBHVVG,高二,16,历政地,男
YMUN,YVHHZAYRY,高二,3,历政地,男
ECWI,TUGRKGXZD,高二,15,历政地,女
YREG,ZTWHKXUUM,高二,11,历政地,女
AVUL,SDMKJPTCK,高二,16,历政地,男
HRWL,ARXKWFEHL,高二,11,历政地,女
AZWH,YGZCYSEJV,高二,3,历政地,男
GIFH,MPUZYONSY,高二,14,历政地,女
UDNQ,XUTPHFBTM,高二,16,历政地,女
RUBW,BWMVHXZEI,高二,13,历政地,女
PBWT,XITVJNMEP,高二,11,历政地,男
DCYX,BTMBXNUNP,高二,7,历政地,男
WWUJ,HAOFBAUJI,高二,9,历政地,男
KMJQ,CNIHJPHGD,高二,9,历政地,女
OHBJ,ABOFFFGEH,高二,3,历政地,男
NMJY,MHRADUOBC,高二,18,历政地,男
TFVT,CCBFBSEDE,高二,7,历政地,女
ZBMV,HDPSPWQBF,高二,17,历政地,女
PWHQ,ERQHCFXKV,高二,2,历政地,女
JZJQ,AQAKJRSMD,高二,17,历政地,男
BRFB,XWOUVFPRU,高二,20,历政地,男
IFDX,UCYVOGPPR,高二,7,历政地,男
KDXG,YWABYEMSC,高二,11,历政地,女
IMFK,VVMVAAZMZ,高二,5,历政地,男
HWML,BXSIPWYNV,高二,12,历政地,男
FPLK,RSDSQTFZY,高二,6,历政地,女
IPRL,ZVGJCXXEY,高二,19,历政地,男
XTGX,XDEETZGYY,高二,7,历政地,女
DGIB,YPJEORBSF,高二,20,历政地,男
YTAF,EAHUXQMZU,高二,8,历政地,男
VVDI,QVQGJWKXB,高二,7,历政地,女
ARJM,QAWUBXTLC,高二,20,历政地,男
WSSZ,VAFINDGMI,高二,6,历政地,男
CGAB,GACRKMMBX,高二,15,历政地,男
TDVX,GSYBNTLTL,高二,16,历政地,女
NILM,PXWNSNHOY,高二,20,历政地,女
XGQA,JKAJMPBIZ,高二,16,历政地,女
ZQLX,KCDVYXNYP,高二,14,历政地,男
XFIM,WLHFMWJLT,高二,16,历政地,男
JFDZ,FGCMJQUII,高二,9,历政地,男
RXXA,CNJREGHMS,高二,3,历政地,男
FYWM,IGKPPIUBK,高二,11,历政地,男
EVYK,NSXIQKETK,高二,20,历政地,女
UPWX,NPUFESJLV,高二,15,历政地,男
XLZI,MCFKMDBVY,高二,5,历政地,女
HONE,XESFUNANH,高二,8,历政地,女
QMYR,ADXLJTXJZ,高二,6,历政地,男
TDBV,SSMFLOPXC,高二,2,历政地,男
IOWP,HPWIAEGYU,高二,10,历政地,女
ZGWM,PCWPYZJBP,高二,17,历政地,女
JOOQ,RPYCOACKA,高二,14,历政地,男
FRLN,WODQENFAY,高二,16,历政地,男
ZTGR,JLBMDUCVO,高二,7,历政地,男
SRTZ,KHOXETVAD,高二,8,历政地,女
JHZL,SFESGIRLR,高二,7,历政地,女
ROLM,KCKSODGKV,高二,17,历政地,女
XCGV,BSVEFDFWU,高二,17,历政地,女
HRUN,AYDQEMYDL,高二,2,历政地,女
XCMA,AMXGIECVS,高二,20,历政地,男
AWFL,UHNCLGPGN,高二,13,历政地,女
MYQR,NPTCIMQTJ,高二,15,历政地,女
STBB,VHSXXMMFB,高二,3,历政地,男
QOHD,YMVPIGFIY,高二,5,历政地,男
CYMI,NDQCCLZTJ,高二,18,历政地,女
PGGA,HSCXDRJXX,高二,16,历政地,男
XVYT,MCOTJZRNO,高二,20,历政地,女
FLBR,YKACAXWDH,高二,6,历政地,男
ARBB,ZGOOXYZOQ,高二,9,历政地,男
QLYG,YZUWCUXOQ,高二,16,历政地,男
VYEH,EFIUXRADX,高二,9,历政地,男
YEFI,IMNANJEDT,高二,5,历政地,男
DHVF,AKIXPBDIP,高二,17,历政地,男
LEWL,IYWXJFJPG,高二,10,历政地,女
HICD,OXJWNDVQL,高二,3,历政地,女
WPQR,OFGKZPUDF,高二,15,历政地,女
LOMV,FXYHMVMRA,高二,4,历政地,女
FUTB,VZHTEHGNL,高二,3,历政地,女
EXUJ,NWGVUZPRQ,高二,8,历政地,女
HQYY,EVPBAJJTR,高二,12,历政地,女
ZOKC,ONRDZXGUD,高二,20,历政地,女
LJGB,KEZJRQDUS,高二,19,历政地,男
KECA,XHRZZQYMV,高二,8,历政地,女
LTMJ,HWNCKGZAE,高二,16,历政地,男
PDVM,WDUJACLEY,高二,8,历政地,女
TAJK,FUHKCLQQA,高二,7,历政地,男
LPVU,EPPMEGLYP,高二,8,历政地,男
FNLG,TWJLSBKNU,高二,13,历政地,男
MCBN,QJNGIHFTA,高二,13,历政地,男
WWWV,TYMMDHIDW,高二,18,历政地,女
IMLQ,XMDUJPYOT,高二,11,历政地,女
RTZZ,RPANVJAAJ,高二,2,历政地,女
XRBU,DICLVWZLP,高二,4,历政地,男
NOIW,MRVNJTYPR,高二,17,历政地,女
ZQQY,FWSIEMTPS,高二,4,历政地,女
NPFI,FIDTFSCRH,高二,4,历政地,女
MIYZ,CRUCHDZVK,高二,9,历政地,男
EURO,XXDESNSUG,高二,10,历政地,女
QCAC,LZSAJGVQU,高二,20,历政地,女
EWEP,BCWNWMFXP,高二,11,历政地,女
YXEJ,DCOQLDTYF,高二,16,历政地,女
TXXF,REFIHGZCU,高二,18,历政地,男
DVJE,BDKXEMTET,高二,10,历政地,女
KGLK,FNGBIJAXT,高二,17,历政地,男
OCTG,DSELSZVFM,高二,9,历政地,女
ZAVR,BUARLHIJI,高二,6,历政地,女
VYGK,HNBDAVKKO,高二,12,历政地,女
DJNH,IQAXMZLWE,高二,10,历政地,男
YZQN,VCRGJLWZR,高二,4,历政地,男
YXNT,XNHHDMTCF,高二,3,历政地,女
XTIH,YYXOETDAH,高二,9,历政地,男
WVNI,ESXVHSYNA,高二,2,历政地,男
QOGB,VZLAQFBKB,高二,3,历政地,男
ZJMV,VXINRYDJT,高二,9,历政地,男
BIVG,AFSIMXBRN,高二,7,历政地,女
PGJZ,JCAQSTHVU,高二,12,历政地,女
DQXV,QBJVHHIQW,高二,18,历政地,女
SDKG,TOJGJKQLX,高二,20,历政地,女
KQYY,ZKYITUVHF,高二,6,历政地,女
OGMJ,ONIFNMSDL,高二,15,历政地,女
OUXM,SUDUGYHWJ,高二,13,历政地,女
SVGR,VUUOQZKBT,高二,3,历政地,男
WRPS,RHXMUCKGN,高二,18,历政地,女
FMNR,UUNQAUNYG,高二,4,历政地,男
AUIC,YXQHAMTPU,高二,19,历政地,男
TLCI,ZSQCGNBQM,高二,19,历政地,男
UPOM,ICHZJULBB,高二,3,历政地,女
ZCSI,LOVNUNYWX,高二,19,历政地,男
SJVJ,VKLMFDIOJ,高二,12,历政地,女
OVDF,THZQRNIGM,高二,5,历政地,男
ZEVW,EPAIVLFGO,高二,6,历政地,男
MRHJ,AIRBXZXDW,高二,11,历政地,男
IMRC,TNAGLKBEA,高二,14,历政地,男
NSUR,JZAUHLJIF,高二,9,历政地,女
QUCS,IOGVRNHJQ,高二,15,历政地,男
UDSK,GHXITDDNL,高二,18,历政地,女
MGXB,SXQADPZVU,高二,17,历政地,女
DOTW,ZHUJOGZGC,高二,18,历政地,女
FUXH,YFMFBWFAT,高二,14,历政地,女
IBXV,HNOPLVWEU,高二,14,历政地,男
NSVA,HXTWSEUSK,高二,3,历政地,女
MNDS,UCUEDWSVB,高二,15,历政地,男
NEWR,RQLNWJLPP,高二,3,历政地,女
INFW,WFFVXQLHF,高二,2,历政地,男
SNSZ,QNNVLNWJF,高二,12,历政地,男
LWGD,FZZYHJLOZ,高二,7,历政地,女
AUGN,LERHTEOJA,高二,20,历政地,男
PUQF,DYQOMIPMV,高二,15,历政地,女
MBKO,SYQJCVZIP,高二,16,历政地,男
VOQP,ZOMPGMJPE,高二,17,历政地,男
IOWB,SLQVUJJLX,高二,3,历政地,男
MPUF,JMKKWQCTI,高二,3,历政地,女
XJLH,UYVTUHSCW,高二,8,历政地,女
XOBD,IGFQQACLH,高二,10,历政地,男
HWXA,RPMEKBXJY,高二,3,历政地,男
PDYS,ENMYGMFZJ,高二,12,历政地,男
ZONQ,YKYKAFVVA,高二,17,历政地,男
DDGB,WUJXQWXCG,高二,15,历政地,男
UNPZ,KLFXPOTUE,高二,13,历政地,男
WLER,ZSGLBNCKN,高二,7,历政地,女
HQOO,GJOIUAKIA,高二,16,历政地,男
XVEI,GOBTXKOII,高二,11,历政地,女
CBTU,QXDDHDKCU,高二,7,历政地,男
RAKB,DLSWMJRUY,高二,7,历政地,女
FMUZ,SCEXJCLYF,高二,8,历政地,女
JAQV,XNEGGGLZW,高二,13,历政地,男
XIOU,JUADNQJVW,高二,19,历政地,男
AHHD,SNTJGGKRG,高二,11,历政地,男
OENO,MUUSHOVXM,高二,12,历政地,男
UWZY,ZAZBSHISN,高二,14,历政地,男
YXEZ,IHBXREQFE,高二,10,历政地,女
TBQZ,YEPBYYMIG,高二,9,历政地,女
MQPG,ZWXSXEYKH,高二,20,历政地,女
UNHO,YRXYVGGGA,高二,20,历政地,女
SBDU,UBXUCOQPD,高二,11,历政地,女
KWBZ,VMPBFRAOR,高二,11,历政地,男
KBDF,VFRCDZIDO,高二,12,历政地,男
JTZR,UKMFIEEVM,高二,16,历政地,男
JAIN,LQFSHFOFB,高二,8,历政地,男
CJRU,ESVIIGNHA,高二,5,历政地,男
BUCO,MWSFJVDFY,高二,16,历政地,女
HCIG,WLXIGWLFZ,高二,8,历政地,男
IRAJ,HBJOKUEML,高二,18,历政地,男
HYFA,UGHWBYFWM,高二,12,历政地,男
QAZG,CIDULAACY,高二,12,历政地,女
SAIG,LYKCAOPIP,高二,3,历政地,男
CRNB,FUQMTLDIZ,高二,14,历政地,女
XCQJ,NMPIWOBBN,高二,5,历政地,男
WCWY,JZOFFAAIL,高二,15,历政地,男
EVEF,IEAOBKLTQ,高二,14,历政地,女
TLCL,DMYZVOYHU,高二,16,历政地,女
BGTE,CHMLROMGE,高二,3,历政地,女
SOSB,QQWJAOHZR,高二,8,历政地,女
KNBF,GFVBOFWGB,高二,3,历政地,男
AVUT,MUTYIMLPY,高二,7,历政地,女
GGHC,HUZYZYOUF,高二,13,历政地,男
RJEK,DETRGMCRX,高二,13,历政地,男
WKNL,PVCQQOXIO,高二,19,历政地,女
ESCT,WZRZAYQGE,高二,19,历政地,女
OWPO,DFLCMXGKL,高二,15,历政地,男
JPAB,LGLRGZHXE,高二,14,历政地,女
EJPL,CKETZALOY,高二,10,历政地,男
JIWZ,DQPRXEWCM,高二,12,历政地,男
QKBN,PPUUAMNAJ,高二,6,历政地,男
NDGP,ZYZIOGFWX,高二,15,历政地,女
CZBB,XLMETXFCE,高二,3,历政地,女
LXOM,LZXTQMDUB,高二,7,历政地,男
OKCJ,VRQRMEONT,高二,11,历政地,男
EDZL,QXMGJRVXP,高二,18,历政地,男
UQUO,ZJOZDOXMY,高二,18,历政地,女
WDWM,UYXEELKHR,高二,19,历政地,女
CUWT,ZREIQSQEY,高二,17,历政地,女
YIDG,IPEGCKFSW,高二,4,历政地,女
SDPH,IBUKPHHKL,高二,13,历政地,男
PKVE,PTCYYTFAI,高二,11,历政地,男
DXBS,LWBLOWJSM,高二,3,历政地,男
LZTR,SSWBEXHQG,高二,5,历政地,男
QINT,CZKAAVWST,高二,8,历政地,男
UJAP,HHHGLYNVQ,高二,4,历政地,女
BPSX,SVFQWMJYF,高二,16,历政地,女
JGTY,DPIRANPWY,高二,2,历政地,男
JKUQ,KZTFGRZWT,高二,5,历政地,男
HATM,EMHZAAXQY,高二,19,历政地,男
VJCR,MVZFOUCYI,高二,15,历政地,男
AVBS,LYAVTKXGO,高二,14,历政地,男
SAMZ,GBQDAPNJX,高二,16,历政地,女
ELVZ,JFXJGFCWZ,高二,5,历政地,男
LTAW,OTTJXFBNL,高二,7,历政地,男
QFOV,TWKCCEBUT,高二,6,历政地,女
NJKF,WFVUBMWYI,高二,5,历政地,女
QEOX,FFRRZROSG,高二,3,历政地,女
PKYK,YXYMXRJEZ,高二,18,历政地,男
KDAO,ENKSRVEHU,高二,10,历政地,男
LBDC,VCQQRTUMX,高二,3,历政地,男
MDSZ,WHORAVQMF,高二,20,历政地,女
GGCO,QJQZIXPJB,高二,3,历政地,女
HVKQ,HLOSPXUJC,高二,20,历政地,女
FSNH,QQNZLYERJ,高二,16,历政地,女
ZGCG,CNYNGXNRT,高二,18,历政地,男
SBAI,DDIIUPRDU,高二,10,历政地,男
NOSR,LDZDNBHJM,高二,10,历政地,女
EKHE,TSZLIFYYM,高二,5,历政地,男
SRCH,UJALFKVCE,高二,3,历政地,女
BTQD,YFLZKBBYF,高二,20,历政地,男
FNLY,CWTDUAZBB,高二,20,历政地,男
DWPY,RASULWQGL,高二,13,历政地,男
NVIQ,KRZXPNVRV,高二,11,历政地,男
MRFR,QUZLOHQHM,高二,17,历政地,女
JGEM,AYNNFQKBK,高二,14,历政地,女
GKOG,ZHAMHUOJL,高二,6,历政地,男
HQVQ,XESUPVRLF,高二,5,历政地,女
UEHD,QAAOHSENG,高二,7,历政地,女
IRCV,JEKMTUAGP,高二,9,历政地,女
PRKM,LPMPDZMFU,高二,19,历政地,女
GAPQ,MHCRNNBAN,高二,3,历政地,男
PVDB,ZVYINWHAV,高二,20,历政地,男
DURJ,JCJCMCFQF,高二,14,历政地,男
OAHM,DMQPAPMYT,高二,18,历政地,女
HTTY,JYRADBOTX,高二,15,历政地,男
VQQQ,ZLABERXZZ,高二,10,历政地,女
PAYG,UKXXZGXNJ,高二,11,历政地,女
UTWR,RGGJOCGJD,高二,13,历政地,女
NXUN,UZTWLAEYN,高二,14,历政地,男
KNUG,GOGTKQXYB,高二,13,历政地,男
GTKY,CPZNMYBEK,高二,13,历政地,男
VFGV,GJNMPGADU,高二,6,历政地,男
RSMS,WCKLGUSWX,高二,6,历政地,女
NKSC,RGFTSVRMG,高二,2,历政地,男
GINM,AYHVFZDPD,高二,4,历政地,女
GQJL,WSUNYCKVH,高二,7,历政地,女
YGCC,UBKAYWKSU,高二,15,历政地,女
SFNF,NCATKUQPJ,高二,12,历政地,男
HKGP,IHLKJLIFC,高二,6,历政地,女
FHXB,HCIKAZCVA,高二,18,历政地,男
ZABR,RZMTVGADD,高二,16,历政地,男
QGLO,QSVHPRLRD,高二,18,历政地,男
PUYQ,XCGJWEHPQ,高二,4,历政地,男
BPRL,ETGHDEOCJ,高二,20,历政地,男
FRNQ,WNASYLIOS,高二,8,历政地,男
EWTO,HAPJLSILX,高二,14,历政地,男
QTEI,FFVXWMKFA,高二,13,历政地,女
UGEO,OMVWIRKUN,高二,17,历政地,女
GKDF,VKURPEJTF,高二,20,历政地,男
MWFQ,ISYSYGVSW,高二,13,历政地,男
SCBY,QHOETRKEM,高二,4,历政地,女
BLQK,VVXYCRBQM,高二,11,历政地,男
DBYX,HKXNRPPOL,高二,16,历政地,男
DVOF,BWZOOKSLT,高二,3,历政地,女
NGLF,AHEDXIUWV,高二,20,历政地,女
SMJX,ELJGPWOJT,高二,19,历政地,男
