BTPW,QZTBHPBPC,高二,13,物化地,女
SVTT,ONDAKKPOD,高二,18,物化地,女
CGEC,FPWHPKPVS,高二,5,物化地,女
JAJY,DEMISMWRG,高二,4,物化地,女
DLQV,WCVCBIUPI,高二,15,物化地,女
WUIZ,WQVUOSECV,高二,2,物化地,女
FFSO,FIGSTSLJY,高二,5,物化地,女
CAYX,UTBWCXMQY,高二,14,物化地,男
EZIL,MSHSLIFTP,高二,19,物化地,女
WJZE,WKHLFOFZS,高二,20,物化地,男
RGBL,MEYKLWZAB,高二,8,物化地,男
BCAT,MRDRDLNJL,高二,5,物化地,女
EMVE,KBNUUXOFA,高二,10,物化地,男
AFQR,IQWOHUYXP,高二,7,物化地,男
VZXW,PMUJHRVKV,高二,10,物化地,女
MKTN,NAEABIIKF,高二,6,物化地,女
GDPB,OZMBJZUZY,高二,20,物化地,男
CBZD,JOLURYIXO,高二,16,物化地,女
QRWL,DSMZOERJT,高二,10,物化地,男
PPHL,RWDTOZFUS,高二,16,物化地,男
PGDY,SPMCRKABN,高二,6,物化地,男
UWDO,KKISDQMBE,高二,14,物化地,男
EFNZ,BJFUKTKMX,高二,11,物化地,女
WXQL,OUACOWEKZ,高二,17,物化地,男
FXVK,GMRPRKCSW,高二,14,物化地,女
JHDJ,CSUNKRNDN,高二,14,物化地,男
QYAL,NCNGJIOHE,高二,2,物化地,女
MHVV,DQWJOSSBU,高二,8,物化地,男
OPAA,MYXOTYDTL,高二,11,物化地,男
INGO,GRHSWTELD,高二,12,物化地,女
GDNL,VONYQWXEH,高二,4,物化地,男
XXHL,WBQCFKKGQ,高二,15,物化地,男
GSXS,CFRFKGEGY,高二,17,物化地,女
UHHT,URVTVJMJU,高二,2,物化地,男
WIFX,WURCNALPA,高二,19,物化地,女
LICK,HXZELGZDZ,高二,19,物化地,男
YOBI,HQVNIFTLN,高二,8,物化地,女
LXBB,JKMUNHBJC,高二,4,物化地,男
DDUZ,PUAHBWKLK,高二,8,物化地,男
NVNG,WPGOCLYSD,高二,15,物化地,男
NQIA,TYFPVZXFF,高二,20,物化地,女
WGGC,JXGNSDYGD,高二,15,物化地,男
UXFG,LLCPGTFPY,高二,18,物化地,女
RRJM,KJCSVGQJU,高二,10,物化地,女
WARW,YQNYTUZTI,高二,17,物化地,女
OUPA,DYAMJILSS,高二,16,物化地,女
EYBN,OPBRAQHZB,高二,13,物化地,女
MQGU,MBTMXJCSA,高二,13,物化地,女
IDBE,MJWORPJTD,高二,18,物化地,男
AWKG,FCRYZWFIL,高二,13,物化地,女
WWGT,XXFGCZJXQ,高二,10,物化地,女
VOCB,UEYTMNYWZ,高二,11,物化地,男
JLXJ,LFRKEBTTL,高二,6,物化地,女
ZECC,WXGOEYOBX,高二,13,物化地,男
PGQH,HBSWONAQO,高二,3,物化地,女
TBCZ,LYIBPUIZS,高二,19,物化地,女
ZIBH,WDOFVNVWL,高二,17,物化地,男
XQUF,VSRYVUFCN,高二,19,物化地,男
JQQX,RUBLENUUJ,高二,15,物化地,男
OVLL,WLLRXQPIP,高二,16,物化地,女
AVMT,FETVRNQNT,高二,17,物化地,女
JZHF,BDAIICSLC,高二,17,物化地,女
JMBE,HKLVMEGYV,高二,17,物化地,男
IZPL,NBWSLMWVY,高二,7,物化地,男
AHQA,VTOFHUNGW,高二,3,物化地,女
MKBM,QEGXXAHNK,高二,11,物化地,女
CMVA,KNJMQJESN,高二,10,物化地,男
OFQY,QHYEBWEVO,高二,17,物化地,女
FXJY,IVSFTJQZC,高二,14,物化地,男
PEXD,DRLDZZIZX,高二,6,物化地,男
ZSSW,BZBSDLKBD,高二,7,物化地,女
RBJI,OIPUYMBCL,高二,9,物化地,男
HOUY,TWTCYKCHT,高二,3,物化地,男
XMHL,NFJQCLRTE,高二,16,物化地,女
BZCL,FLVGNYVMB,高二,16,物化地,女
MTJU,GBZTPPCDM,高二,7,物化地,男
RDOB,SWCFXJZZK,高二,15,物化地,男
GFUO,HQDUSBXOU,高二,2,物化地,女
QIWU,BQSSTUMGI,高二,19,物化地,女
MBGE,ECDRHVKUX,高二,7,物化地,男
SIDP,MNXJMZDBB,高二,12,物化地,男
BMVK,XUGLGIDHR,高二,2,物化地,男
SHOZ,QDYTUFNAW,高二,14,物化地,女
SHKD,QWNVUBUUA,高二,8,物化地,女
FUCO,WCDYBWYKQ,高二,15,物化地,女
XMLG,FBZQMXHDC,高二,3,物化地,女
VLTL,VXGGCERUU,高二,6,物化地,女
RVEI,WOEHVEALO,高二,4,物化地,男
LNNC,BIPRBFRQK,高二,3,物化地,男
KAIK,QDEXXCKLS,高二,6,物化地,男
CNSU,WDHWFKCQZ,高二,9,物化地,男
RGJQ,CBTOOBFFW,高二,15,物化地,男
HCCA,UOQAFBZGP,高二,12,物化地,女
TSDX,GPSBMBZHL,高二,10,物化地,男
LDAZ,ASNLDLHSU,高二,7,物化地,男
ZCRT,LPXJGWKEU,高二,7,物化地,女
GVLL,TAPUZVPKY,高二,11,物化地,男
YKFV,ZDCOGTETB,高二,7,物化地,女
RTEZ,XZJNPGMQF,高二,17,物化地,男
WAZZ,QFURVUJEE,高二,11,物化地,女
HCSC,VEKWFTTUP,高二,11,物化地,女
QTLE,QYVHEQYVU,高二,15,物化地,女
GGEN,XNGQSZQTC,高二,11,物化地,女
BLLT,HJUOODDNL,高二,2,物化地,女
YVKZ,LBEFJRUMQ,高二,15,物化地,女
XDQO,DMIABPUJP,高二,7,物化地,男
NWGO,OPEWQOIKP,高二,7,物化地,女
ZLJP,YIEPDSGXI,高二,4,物化地,女
IDSY,RYRUGSMNL,高二,14,物化地,女
RQNC,BAAYPRDFQ,高二,20,物化地,男
YSDJ,KZABJCHPM,高二,6,物化地,男
PSDC,BWAIZVBVV,高二,18,物化地,男
UXXY,WAOCTTOFP,高二,6,物化地,男
HRGH,MPPTAGSYR,高二,19,物化地,女
TRWP,FGVCOKMIM,高二,9,物化地,男
BQIN,KHGNBUQST,高二,3,物化地,男
PXMR,KNPZMOMLG,高二,19,物化地,女
GIDX,ISJELZLVW,高二,3,物化地,女
ZPDP,IRWOTINLK,高二,3,物化地,女
WQUN,ZQDHPTNMR,高二,19,物化地,男
EVKW,YJYLOPEDP,高二,18,物化地,女
LXRY,ZTYWECLMO,高二,10,物化地,男
GKXT,PCDUJUDXI,高二,17,物化地,女
PLXY,JYWDCXNBP,高二,10,物化地,男
OPPF,XLTIZHTRG,高二,10,物化地,男
JMAJ,TVKOGUHJL,高二,19,物化地,女
UFHQ,WHDRWNHTO,高二,3,物化地,男
ZYUD,AIPCLVGDL,高二,17,物化地,女
OWTI,RVZEBIGBK,高二,20,物化地,男
CGBJ,BOHRXMTYF,高二,17,物化地,男
PTMQ,SUNZZFDYQ,高二,5,物化地,女
UMDL,YHDLRPETQ,高二,10,物化地,女
GTCQ,YRKJJHOLT,高二,2,物化地,男
CZGC,SMJMFFZBX,高二,12,物化地,女
NAIW,HEZTMWJET,高二,7,物化地,男
MSWF,JXJRXVFSE,高二,19,物化地,女
NYRY,HQZURJDVF,高二,12,物化地,女
OHCW,GIIIDHSBU,高二,10,物化地,男
AWIA,LKPHHWAMI,高二,5,物化地,女
LRUH,LZGSZPXSA,高二,16,物化地,女
NIIB,SIDSNNHSJ,高二,6,物化地,男
CUJO,YFBQOTXSO,高二,19,物化地,女
HPGR,IKPRHUJLZ,高二,11,物化地,女
YQNP,ANETEPSIK,高二,12,物化地,男
PIUG,IBPTCTHBE,高二,20,物化地,男
QKDQ,IRSFKGAKK,高二,2,物化地,女
ATES,GTFDVIJLX,高二,19,物化地,男
SOJA,WDGTRFLRI,高二,16,物化地,男
GCQH,FIKMJPXGV,高二,14,物化地,男
ENWD,PZEQDCZQC,高二,20,物化地,女
SAGN,CWNHCFLEE,高二,3,物化地,女
EVXE,OAMOQNAAZ,高二,19,物化地,男
XSFR,UXDPOZGMR,高二,5,物化地,男
TFIE,GTUYWDWJQ,高二,14,物化地,男
FFAA,LNCIRYQSG,高二,14,物化地,女
ZBRA,ZCHFQZLXG,高二,20,物化地,女
NDQE,PUHQVGRMC,高二,2,物化地,女
CELK,QDJSQLOEV,高二,17,物化地,男
TPKE,TRKVKEHNY,高二,19,物化地,男
YCVP,IOWJUTYPE,高二,9,物化地,男
GSDW,ADIIQUPZX,高二,5,物化地,女
VELP,LABGHZDMU,高二,12,物化地,女
TDJM,KSYBIWWZX,高二,13,物化地,男
UMBP,PTOKSZYED,高二,20,物化地,男
XDUP,DDTEPQSJX,高二,13,物化地,女
ZZVT,ZNCYNVDVJ,高二,8,物化地,男
JVJX,KRIWVDHJI,高二,10,物化地,男
VYDK,OSNLTSPCG,高二,2,物化地,女
KDNC,KGXBSVXRG,高二,15,物化地,女
DUGG,RQTVWKJOC,高二,9,物化地,女
LHON,JECXRHQSJ,高二,8,物化地,女
WUCW,VATEPSIII,高二,7,物化地,男
MEGV,GHELDIECO,高二,14,物化地,女
WFJZ,KROKZZFIK,高二,2,物化地,男
RBDW,RKJGRYPRR,高二,11,物化地,女
WKBE,UTNBSUMRC,高二,16,物化地,男
DVKG,SKSKHKGAB,高二,19,物化地,女
DDWU,YLOYXLEFJ,高二,17,物化地,女
DBTJ,USVPTONSJ,高二,2,物化地,女
HVTO,AFCJZQADM,高二,14,物化地,女
VQOT,QKCKDTFHU,高二,7,物化地,男
NHGG,ZVOKEMJHZ,高二,3,物化地,男
ITDR,TPIOBDJPO,高二,8,物化地,男
DDOL,NLCUMFNQP,高二,7,物化地,女
JGJM,DTMCHZVEF,高二,14,物化地,男
NFUB,BHHFEJZBT,高二,7,物化地,男
MZZP,CUNVRLZPP,高二,9,物化地,男
ANHJ,ZKVALRUXA,高二,10,物化地,女
XAQW,MKNBMEFHW,高二,4,物化地,女
TOTZ,HDVOWVUKO,高二,15,物化地,女
XQBL,WNWDNKQUY,高二,14,物化地,男
EHMR,LAFASUPGG,高二,9,物化地,女
RFZF,IZKBLHWSS,高二,13,物化地,男
JGYK,TVFBSADMW,高二,11,物化地,女
HZMU,ANTERAJAS,高二,8,物化地,女
ACWW,ZMBILNHRH,高二,19,物化地,女
BPDY,TUXAPULPO,高二,19,物化地,女
GJVC,OYQOTUIXF,高二,5,物化地,男
UTVF,HLYRBKXRE,高二,11,物化地,女
SAMC,BGZCWJULG,高二,7,物化地,男
KGLT,ONKJWWQVH,高二,4,物化地,男
FMJT,NAQSFBFCB,高二,13,物化地,女
YMRC,ATUHKXQEV,高二,2,物化地,女
FJIV,WFOSAJWOA,高二,9,物化地,男
HHSY,ASLBLPNVI,高二,3,物化地,女
XTNW,AIZOUOJSL,高二,19,物化地,男
UMQQ,CSLGPCEXH,高二,16,物化地,男
QJVM,ULHYVMWET,高二,19,物化地,男
OOHF,CCJCQGRVC,高二,15,物化地,男
TYES,WKCWRGLYR,高二,16,物化地,男
NQXD,NSQVGXWGP,高二,14,物化地,男
DVRJ,RLBWEFJUS,高二,7,物化地,女
JGFV,YHXQREBRE,高二,7,物化地,女
AGYM,PTXVIPEQC,高二,14,物化地,女
DHLW,RIAKAPGRX,高二,18,物化地,女
VDXL,PSCVUWOXO,高二,4,物化地,女
SOZM,BOFUUNTLA,高二,19,物化地,男
TCQM,NQYPWDLYF,高二,19,物化地,男
JVHT,UZIVCFOOL,高二,8,物化地,男
UCEX,NHFRERMNI,高二,13,物化地,女
LAME,QNYHHCPUD,高二,17,物化地,男
FYKV,AUXADEZDR,高二,8,物化地,男
SIXD,YMYSOOMZF,高二,3,物化地,男
BAQV,IAJXRZHFY,高二,19,物化地,女
ZSSD,EWKCJFSUM,高二,14,物化地,男
LWWO,LZLVYSMHV,高二,16,物化地,男
IEDK,MPITNCTML,高二,20,物化地,男
YLQE,QFWTWKDPS,高二,9,物化地,男
PNAF,KTMIJHNVY,高二,3,物化地,男
ABCF,YWFUBKUWZ,高二,15,物化地,男
ANHW,CJMCLPMKI,高二,8,物化地,男
MRHD,YVGHUDWES,高二,12,物化地,男
PKJC,CQGYTINRC,高二,2,物化地,女
USXO,SFHUYFRBV,高二,8,物化地,女
QHDV,FHLHGFMBT,高二,14,物化地,女
ZRBN,XFKQFTZTF,高二,13,物化地,女
JLBL,ESOZYIQGX,高二,9,物化地,女
NSEE,NQJNEGCBG,高二,16,物化地,男
PNDU,RJXSLBLPY,高二,9,物化地,男
EBKX,QQHDJEEAM,高二,5,物化地,女
WAOR,ZMWXHTTYD,高二,11,物化地,女
WTEJ,EPFROPSES,高二,16,物化地,女
JLRC,NIBELPLLQ,高二,15,物化地,女
RMCV,TKPSISNEZ,高二,15,物化地,男
QOVR,VNGLNXUEF,高二,2,物化地,男
RSQR,JDSPIAOUZ,高二,10,物化地,女
BCOP,TJLCPPHUR,高二,7,物化地,男
JNNP,OVHGHDUKQ,高二,11,物化地,男
BKUN,FIFUYWPVJ,高二,3,物化地,男
HKKC,AALBURVVY,高二,10,物化地,女
ZPOE,QQMGYZQXH,高二,10,物化地,女
BNVP,HSQTBADCF,高二,2,物化地,女
NKVY,CCRQVWEKG,高二,10,物化地,女
QGUN,DETGNKCGT,高二,6,物化地,男
LPAB,UCYXILZQA,高二,17,物化地,女
HOUJ,ULTSSBCEZ,高二,12,物化地,男
EVIR,TVYYKJAFM,高二,5,物化地,女
QELE,VSINLXZPK,高二,6,物化地,男
OHLG,GYKRGFJTJ,高二,7,物化地,男
YECT,RSBVIGJME,高二,10,物化地,男
HNAZ,JDYHMOQAN,高二,3,物化地,男
YVQP,HANZPWDCY,高二,8,物化地,男
VSOU,RNYPYCFTS,高二,19,物化地,男
KUBC,ZRWAZXNID,高二,16,物化地,男
MPYF,JPMQFMKYH,高二,4,物化地,男
CIKG,BDWNHPBBP,高二,15,物化地,女
EQTU,ZKVPKCGWF,高二,10,物化地,女
YFVQ,TEGRBYWEM,高二,18,物化地,女
DQEV,TLFNYJHUC,高二,4,物化地,女
DCPC,UOLVZMPWY,高二,8,物化地,男
MJPM,CNEYHMAKI,高二,8,物化地,女
IJHP,YQTQWTBKI,高二,19,物化地,男
RUAC,IBKMGVRWE,高二,20,物化地,男
ISIA,HZKDVUQDP,高二,11,物化地,女
XSPT,KNFHBYLCW,高二,10,物化地,女
ISKQ,NRBZSXYQN,高二,2,物化地,女
LYHI,ZQRHXLDXV,高二,13,物化地,男
KTAU,AYQFIVRPF,高二,13,物化地,男
WZFA,BMMGOCYNT,高二,20,物化地,女
HBLP,ZSLXWGLJM,高二,8,物化地,男
VQLK,DMSBTPMMT,高二,8,物化地,女
XUKA,COCHKENCU,高二,16,物化地,女
AHML,ETXJZQQGU,高二,17,物化地,女
RIVZ,NZZADTAME,高二,13,物化地,男
MAPR,YBAUMVKVM,高二,4,物化地,女
YOTL,ZHYJZXJVN,高二,14,物化地,女
PQDI,GSRWEMZGO,高二,8,物化地,男
PUOE,SQRUATXTJ,高二,6,物化地,男
IEYK,JZRERYSAQ,高二,14,物化地,男
BIQZ,FFISNQNVC,高二,18,物化地,男
JAHF,FEGHISVYI,高二,2,物化地,女
JAVZ,YDJRFOSKL,高二,15,物化地,男
TZRF,YFJRFBCNK,高二,12,物化地,女
BRZZ,ZYMWOTPMS,高二,14,物化地,女
HEMI,EIPZTPEBK,高二,19,物化地,男
CYZV,DLJOCXFOL,高二,3,物化地,男
YOBX,HPPQYKXMB,高二,18,物化地,女
KUOJ,DQMPHXRXH,高二,8,物化地,女
QORA,JLWSPQZWT,高二,3,物化地,男
CWUR,HHSCKHKPV,高二,12,物化地,女
BHJO,QFHYKUREL,高二,17,物化地,男
APPN,EOMEGJQPK,高二,4,物化地,女
XNCT,TPVULWVBQ,高二,17,物化地,女
HEHR,MWUJIVEUX,高二,19,物化地,男
FULP,XCDCLTIWH,高二,10,物化地,男
TGKO,KBRIYHPQQ,高二,18,物化地,男
FZUY,YYQCHJXNV,高二,16,物化地,女
YWMO,EJASGITOA,高二,11,物化地,男
RBCD,PVGXRMHCZ,高二,15,物化地,男
