WFMP,QUZRGCUNQ,高三,14,物化地,女
WVTP,LJHHUAODF,高三,15,物化地,男
EBDO,NRYJAZTQC,高三,6,物化地,男
YHVL,ZDOCQWFAZ,高三,14,物化地,女
AZMI,MOKBFFCDK,高三,20,物化地,男
MOVR,IIOAFPPPK,高三,15,物化地,男
HIWK,DEQVCVRMS,高三,11,物化地,女
CBHB,EEQOKHUBS,高三,7,物化地,男
UYBV,UQPLYJSLO,高三,3,物化地,男
ZEBY,MJLZZFTXT,高三,7,物化地,男
MERL,GXRLYVTOB,高三,7,物化地,男
JKQQ,AUFGYACJC,高三,2,物化地,女
KBAS,ARSBIHXZK,高三,16,物化地,男
NQGX,YRBJJCUXH,高三,19,物化地,男
VNVF,RFLNIESIN,高三,14,物化地,男
MHBX,HPVZGXFWW,高三,3,物化地,女
PYET,IBNUMQIVP,高三,12,物化地,女
CAER,CXBZHHICN,高三,3,物化地,男
ELHH,LVJMDGJOL,高三,14,物化地,男
IFHE,CRAHGZCDN,高三,11,物化地,男
JTDL,BTDZEIDCG,高三,4,物化地,女
WVCD,CRLZKCDMF,高三,17,物化地,男
BZFK,TXAHPURWB,高三,19,物化地,女
SPFK,OHHJLIGBK,高三,14,物化地,男
OHWG,FYOTWTQMA,高三,19,物化地,男
HRKI,XUZYHFONA,高三,10,物化地,女
HBXG,GTDKBPXGO,高三,7,物化地,男
TWLO,KENBLMUQK,高三,11,物化地,男
ZHBL,VHODNSUDA,高三,3,物化地,女
NNQC,FEFEHPDVU,高三,4,物化地,男
TVOV,HKPZFBBYT,高三,4,物化地,男
ITGI,KPVXMPXIF,高三,2,物化地,女
TYYT,PTOQOXLDN,高三,3,物化地,女
LKLP,URNWNPWBT,高三,11,物化地,男
CHNP,MBQLFRKTO,高三,17,物化地,男
SHBW,QEXPGZSGK,高三,6,物化地,男
FYOS,KOADWJPKC,高三,7,物化地,女
MTMW,CQCGJJSTR,高三,4,物化地,男
FHSJ,BSLKNPOUR,高三,9,物化地,男
FRQP,CEAWWEUVN,高三,13,物化地,男
MRXN,JYDGVWWYV,高三,15,物化地,男
RTML,MIETBIWXR,高三,6,物化地,女
XQYL,ODFRPIPKD,高三,15,物化地,男
WKMN,VOIRKZWEW,高三,13,物化地,男
GJGC,XFBMGGOHO,高三,2,物化地,男
FRBI,XKSKVOCZJ,高三,8,物化地,女
FOYH,MLSWWFSYR,高三,10,物化地,男
DDOB,IGIPXFBCE,高三,2,物化地,女
GNXP,MEANKSCOH,高三,6,物化地,男
MWDB,KUKFJSEAP,高三,19,物化地,男
XPBH,VMBEDYFDD,高三,16,物化地,男
RLNN,EZTNTCNGY,高三,10,物化地,女
KPEG,UMXRYHEPG,高三,18,物化地,男
UBEO,DBHKSZPSQ,高三,10,物化地,男
VIIV,XFTFGUJQT,高三,5,物化地,男
VALO,GSVHKWITY,高三,17,物化地,女
SFWW,ITAOKIARW,高三,18,物化地,男
KTGA,ZFYYALQFI,高三,20,物化地,女
WJHR,NXJKBEQDR,高三,4,物化地,男
AGPF,POAAHASOO,高三,4,物化地,男
JDGQ,HSSAZDMKF,高三,13,物化地,女
NBUR,TENYACLEM,高三,13,物化地,男
GVYY,VHDBTAFFY,高三,8,物化地,男
HKUJ,MEUCVISWD,高三,5,物化地,女
ENUG,ENKHAKIIB,高三,14,物化地,女
FJAF,NMFUXZRCH,高三,19,物化地,女
JDUT,TZZNBCFNW,高三,10,物化地,男
TWPL,IGZIMARIW,高三,13,物化地,女
QPEF,KVHNMMHTC,高三,4,物化地,男
LBRK,TZXNNZVMJ,高三,18,物化地,男
IRZE,REGBTIPTS,高三,12,物化地,男
CEUT,YUTJTOYFL,高三,2,物化地,男
ILFB,NWAPUIZVC,高三,8,物化地,男
HCVC,LZGXPXPRP,高三,15,物化地,女
UOWW,EZNZUIVFZ,高三,12,物化地,女
KDZT,CFOPIKHXK,高三,12,物化地,女
BVHZ,PQCTMIYYP,高三,17,物化地,女
DZAX,KAKCFAZLI,高三,6,物化地,女
ZWUY,JWRININQE,高三,7,物化地,男
HAQB,PMFBJYCRI,高三,18,物化地,男
BRSZ,JBDWSAKAE,高三,18,物化地,男
MRCY,MPUQUPZWO,高三,13,物化地,女
IAWW,CIEANBLES,高三,2,物化地,女
NSXH,CGHPEWOEY,高三,20,物化地,女
EGEJ,CNZBDXBIB,高三,3,物化地,女
MMMU,KACJSYLWP,高三,17,物化地,男
ENOL,JCAIJZUOU,高三,8,物化地,男
OBVB,MYDIQBZQE,高三,16,物化地,女
IICI,ITJCXVQQX,高三,18,物化地,男
OOEH,NGFNSYCMX,高三,3,物化地,女
TEOX,KWMBCNZPA,高三,19,物化地,女
RMIW,UWHEPBPJC,高三,10,物化地,男
TVPI,FHHREVRBZ,高三,17,物化地,女
NLVO,TWJTJXIYE,高三,8,物化地,男
RVGS,GHJTMWIYX,高三,12,物化地,男
RLWO,YJJUZAFYT,高三,11,物化地,女
CPGB,LDPAGAWBX,高三,18,物化地,女
EVTV,ZBMHJXWOJ,高三,11,物化地,男
DVPD,WZSSKZVPZ,高三,20,物化地,男
XUDL,ROMDRRECF,高三,2,物化地,男
HFMU,XDHLYCMMO,高三,14,物化地,男
VMSD,MTDEOGBII,高三,15,物化地,女
INGI,RCTPIKYZV,高三,12,物化地,男
GSTG,VBGPDEHXO,高三,17,物化地,男
SJOJ,PGNXNLARD,高三,4,物化地,女
CUBP,OWJEDAWBP,高三,14,物化地,男
IMGY,ONRMNOYFQ,高三,15,物化地,男
BMWJ,LJAUMASPJ,高三,11,物化地,男
OLCO,PBSQUTGUN,高三,16,物化地,男
QBGW,XYMXWWXOI,高三,6,物化地,女
SXWT,AFVRDDPFB,高三,2,物化地,女
PCHY,PANXLHOQI,高三,15,物化地,女
LOBS,THKHWVSBY,高三,15,物化地,男
TJNC,FTAEHNPKS,高三,5,物化地,男
GHOG,AZTWWQKNZ,高三,7,物化地,女
IOAR,PNNFCDYUR,高三,5,物化地,女
AHVX,AYXZRGVND,高三,12,物化地,女
CTAT,DMXNRPTAL,高三,12,物化地,男
NCJF,IPHBQLKML,高三,13,物化地,女
PPNG,WTSVCCHGN,高三,14,物化地,男
ESEN,OQQNMNWXY,高三,11,物化地,女
HBVD,PKONJTSEX,高三,9,物化地,男
DAYH,YEYNYXEJI,高三,6,物化地,女
XDBD,ICDAGSNBT,高三,12,物化地,女
VECJ,VIPVUGZHT,高三,7,物化地,女
VJIT,IQRJDDOJK,高三,20,物化地,男
BPIL,SVXITOFRO,高三,6,物化地,女
SYPI,DTPNAHCVI,高三,4,物化地,女
UUUE,EFCTLNVYJ,高三,18,物化地,男
IWRG,HAVIJKURR,高三,20,物化地,男
TOBY,ULUXGKDZT,高三,14,物化地,男
OXJK,UCBCZEOGQ,高三,12,物化地,女
DLUL,FHJCEJLDD,高三,18,物化地,男
CFFP,IIRAFSCBY,高三,11,物化地,男
NDCI,KOJTDAZLF,高三,15,物化地,女
WPYP,OJQRNDJIZ,高三,18,物化地,女
DMCR,ZPPMXSPRL,高三,17,物化地,男
QJKG,ODYZQODFU,高三,18,物化地,男
AIRE,ENPRWRQGV,高三,17,物化地,女
MZNU,KTBAQBBUC,高三,15,物化地,男
BQRQ,WOEXLGQTR,高三,13,物化地,女
ICIB,LOQFIXBOH,高三,10,物化地,男
MNBK,RZKJNOTHM,高三,16,物化地,男
GEGX,HUPQNEZZT,高三,3,物化地,女
UHAL,WWAQFTHOJ,高三,4,物化地,男
WLBB,TWRFMMBAD,高三,2,物化地,男
KEEM,HIGASSOPV,高三,11,物化地,男
YPAW,JFDNVVKYF,高三,11,物化地,男
XCXU,ESMEZVWSZ,高三,2,物化地,男
WQGL,IFWZTMAFE,高三,16,物化地,女
PFKX,PSQTUVIMZ,高三,17,物化地,男
YWYX,LHMCUXSRN,高三,7,物化地,女
HUAL,NGLHYOWDS,高三,19,物化地,男
YAYY,OXPOKIAGM,高三,5,物化地,女
XIUC,NSIVBXOYP,高三,6,物化地,女
MJVG,UGQMPFMUM,高三,19,物化地,男
GVVK,ENJVLADRN,高三,15,物化地,男
GYSX,PNLHCSXVU,高三,12,物化地,女
SGBN,GPBBRADNC,高三,10,物化地,男
DMNG,BPBZZYMOO,高三,2,物化地,女
YYJV,HWLSFTONK,高三,17,物化地,女
AVWT,IHBJMIKXS,高三,4,物化地,女
IABK,EJXXTNHTP,高三,5,物化地,男
ATYB,WUXEZTVOD,高三,9,物化地,女
CJRK,DJTWWQNOD,高三,6,物化地,男
MXMC,WNUGZIUTN,高三,8,物化地,男
TWAF,VJNZPMAPY,高三,17,物化地,女
JULL,IUJCTMTHM,高三,11,物化地,男
ZLUO,DKQEQIXHL,高三,12,物化地,女
XYCN,EYEQNVMYN,高三,19,物化地,女
HHOF,FLLKLLJXR,高三,14,物化地,男
CISJ,MXFPUXPVD,高三,14,物化地,男
SNNN,PWHUZBPRG,高三,9,物化地,女
KXWN,VPVQZGUTM,高三,19,物化地,女
WUUK,XENGBRZEC,高三,19,物化地,男
SKHG,SXSLYHXBY,高三,11,物化地,女
DVWL,SKIMXYSAU,高三,15,物化地,男
DLYJ,WBCDTLLUI,高三,15,物化地,男
BPVH,IJJOURBAQ,高三,8,物化地,女
UMNZ,DQDGXQFNW,高三,12,物化地,男
FDHE,WDHSMVNHR,高三,14,物化地,女
GYSP,JSCWQXEVS,高三,10,物化地,男
IKJS,JLTIEQFKM,高三,17,物化地,男
BFID,JBXZJVPVS,高三,6,物化地,女
DTKO,EECDYHUXZ,高三,18,物化地,女
EXZE,GWMQTDIRN,高三,13,物化地,男
ICWN,YAVIMRIHS,高三,6,物化地,女
CVDI,GSIXRWXIR,高三,7,物化地,女
RUPS,LODFSFIIF,高三,15,物化地,女
HFZK,HCRWGLRSL,高三,4,物化地,男
MIXE,LOAUJSNCQ,高三,8,物化地,男
LVKJ,ZQPOFWQDS,高三,19,物化地,男
GGVR,MYPBMFPCL,高三,11,物化地,男
ABQV,KZXGXVUWA,高三,5,物化地,男
LJQZ,UMWQZQOZX,高三,4,物化地,女
PYHY,EJFXTYYTU,高三,20,物化地,男
CGUH,KCOFDAEHI,高三,4,物化地,女
LJJG,DAQZFSLPW,高三,2,物化地,女
RUXH,XMLJFEFCD,高三,13,物化地,女
QZYP,BLSMNMOEQ,高三,2,物化地,男
HLWI,DUIEKWTMP,高三,12,物化地,男
LIRE,MYFWWUPYC,高三,13,物化地,男
FSTL,LCWLVBVTZ,高三,17,物化地,男
ADUL,JZNCXECQS,高三,10,物化地,男
OAKY,EWWHYJINT,高三,7,物化地,男
WQQU,MTQNGWEXP,高三,19,物化地,男
VQGQ,YTADDDVNC,高三,20,物化地,男
NCCS,BFNBCVWUL,高三,20,物化地,男
JLRC,UJATPMCZI,高三,2,物化地,男
NGSQ,KRSTMGEHW,高三,12,物化地,男
IHVD,CQFMFNNCH,高三,17,物化地,男
VEHN,YQNDMEPAQ,高三,20,物化地,女
NJLJ,GEDKNHZVB,高三,8,物化地,女
YKWO,AICARMJVX,高三,2,物化地,男
FMIP,UGLJOKWGG,高三,20,物化地,男
LKSJ,DLLZJQHAR,高三,14,物化地,女
REQX,RDVAQBIPP,高三,14,物化地,男
XFWH,MUSNTXWJM,高三,17,物化地,女
IILZ,MMVYCYWRV,高三,2,物化地,男
CBOY,YMVAIGKIR,高三,9,物化地,男
PFOR,NSLQQLDLX,高三,19,物化地,男
QVES,CZJXPZFFO,高三,16,物化地,女
SPPH,FZGRMZHZQ,高三,7,物化地,男
OLUE,ZROYZBIBW,高三,16,物化地,女
QJHK,PBBBLCYSA,高三,15,物化地,女
SGOT,HXJDZLMSZ,高三,16,物化地,男
HYZU,QPKOBUZRA,高三,4,物化地,女
HDUN,UZKBQJQCE,高三,17,物化地,男
FGHU,BCGAMAWMQ,高三,18,物化地,男
AUEL,LGFONEFRT,高三,4,物化地,男
EFXM,MYZHECTQP,高三,12,物化地,男
NGEZ,DRTFAMZNJ,高三,2,物化地,女
FQDN,ZMYFDOWSH,高三,7,物化地,男
OGRT,CPRGDDNNC,高三,5,物化地,女
INPK,ZTYLRPDWS,高三,9,物化地,男
FGGI,IEWFFDZYS,高三,9,物化地,女
YWPZ,WVGYBHYAC,高三,6,物化地,女
PYOK,MRTYMOZEA,高三,7,物化地,男
KLMA,URERBPQGP,高三,10,物化地,男
EEKF,JGMZBWJYD,高三,20,物化地,女
PXPQ,COEUCAMNM,高三,13,物化地,男
TQXM,GUTAGGDEN,高三,19,物化地,女
NYNT,GUHKEXXCD,高三,6,物化地,女
MPIO,BRLZQVJDP,高三,15,物化地,女
MTQC,IHGVFAULB,高三,13,物化地,女
IVGY,PNSGXIURW,高三,13,物化地,男
WSUY,MBLFVHMQP,高三,8,物化地,女
DOUS,VAVYQQBVW,高三,4,物化地,女
PEYS,NVICUNIEB,高三,16,物化地,男
FAQN,GNAMXTKYL,高三,3,物化地,女
QRYW,MIQBSLWPQ,高三,20,物化地,男
UNTT,DCTKJILLB,高三,13,物化地,男
XRYD,LPPQJCXUO,高三,20,物化地,男
GLUZ,DICNESJZS,高三,5,物化地,男
CYFH,OYOYFFTFK,高三,12,物化地,女
AUKI,PYJFDOXCU,高三,16,物化地,女
NHCY,MQEGKWNRI,高三,10,物化地,男
LHDZ,RQYKEUGJQ,高三,7,物化地,女
SJJD,SOOPZZUYP,高三,19,物化地,男
MYVT,UCNPZWPCW,高三,12,物化地,女
DOXL,GLFHQFKKP,高三,2,物化地,男
XATE,DZGPXXIBH,高三,4,物化地,男
ZOBS,CQYPJWVCJ,高三,19,物化地,女
PBRY,WGKYWEPYS,高三,7,物化地,男
EMVT,DSWCLFKKS,高三,10,物化地,男
SNGU,OWDSCJQAZ,高三,16,物化地,女
CIWR,YGQHDMVFV,高三,7,物化地,男
BJMH,YWMOASEWZ,高三,9,物化地,男
SUYS,ILJSYFOSA,高三,16,物化地,女
HHKR,VEIVCBIZT,高三,2,物化地,男
KCXJ,UOFBQTLEP,高三,7,物化地,女
OABN,MLCAUBOXV,高三,13,物化地,女
LLKD,KYAXRAPAT,高三,17,物化地,女
CIKA,IPSKWTHQC,高三,17,物化地,男
RYVR,ZECVNUXRT,高三,19,物化地,女
MKAL,VMEGAFYER,高三,16,物化地,女
LJFK,UOWKAYGYR,高三,13,物化地,女
BWOW,MGJWYQJLM,高三,7,物化地,男
AYCN,LBANCHHPS,高三,10,物化地,男
BEOV,GQGZZOMUI,高三,9,物化地,女
MTCH,YHQYOTYCG,高三,17,物化地,男
RRKV,CEKWGBPQV,高三,2,物化地,男
SGEE,WCBILHKQX,高三,9,物化地,女
FWQI,WSLBOCERM,高三,14,物化地,女
PEBO,AIYXFJZGQ,高三,11,物化地,女
BSHT,OAPCMGXXE,高三,13,物化地,女
WVFE,KPLGHHRHZ,高三,18,物化地,男
NKXQ,JMGTNJCXJ,高三,14,物化地,女
XHSQ,RMEFBJJQB,高三,12,物化地,男
GCUE,JMXADGYHF,高三,14,物化地,男
IOHW,SPQCCDQAZ,高三,14,物化地,男
PPUD,EKLQOCQFY,高三,12,物化地,男
FVUK,NJWXAZGJV,高三,17,物化地,男
TJAV,MZMXRJPXC,高三,15,物化地,女
LFEP,XURPNPXQQ,高三,2,物化地,女
GISI,WKIPRBKYJ,高三,10,物化地,女
ZIFK,ATRPIZOTG,高三,20,物化地,男
VKNA,TWYKZYIIR,高三,11,物化地,女
HKNH,YODLHGFLW,高三,5,物化地,女
BUIF,JOXGJMUIQ,高三,4,物化地,女
KJUU,HYKENOCSF,高三,19,物化地,女
AZSF,PENMFUHES,高三,9,物化地,男
OCFM,BXHZHDAYA,高三,16,物化地,男
UASB,BNUTZGEZP,高三,2,物化地,女
IBSM,VWPNVCNSK,高三,18,物化地,女
XTHY,MZXAQXCXC,高三,10,物化地,男
RHLO,VDTAHIFAX,高三,16,物化地,女
KXNW,FSJYHHKHH,高三,18,物化地,女
EUEE,JYJQZFQIV,高三,5,物化地,女
LOSI,VLDFCFQVF,高三,6,物化地,女
DUUP,UAKMPAEXK,高三,9,物化地,男
VSZL,GCFASGNKB,高三,19,物化地,男
VXKY,DOWFGGHPC,高三,15,物化地,男
WFRL,PZQCKVGMF,高三,11,物化地,男
HLOM,TUBLVXHYB,高三,14,物化地,男
EGVP,WCFXYHJJM,高三,20,物化地,男
ASNE,VPMADUPMZ,高三,7,物化地,女
TVMI,UWFBECUQW,高三,13,物化地,男
KDMR,YOBIDWYQX,高三,6,物化地,女
OPBH,HPTLGHGYL,高三,17,物化地,男
HEPW,LARMZCTIH,高三,3,物化地,男
UGDM,LRYBVGYHX,高三,11,物化地,女
KEZX,YDZFREFOK,高三,19,物化地,女
BCDP,OENHCKSKJ,高三,13,物化地,女
ZTWO,HCBTFJMNK,高三,6,物化地,男
FKII,JHMSRPWIJ,高三,19,物化地,女
TOXH,MOBTMZASO,高三,13,物化地,男
IOPM,NHHFXUSXJ,高三,17,物化地,女
MTRB,ZAVXPXAIJ,高三,15,物化地,女
SQBP,ESAHBLCUI,高三,19,物化地,男
HDIQ,RKLMYNIMY,高三,5,物化地,男
JHOH,WZVXIQLRU,高三,4,物化地,男
CVET,XGJAKUJXQ,高三,12,物化地,女
HJED,NATQQTAXR,高三,4,物化地,男
CBJP,MTDYFKKYA,高三,6,物化地,男
NAHG,QIKVLSQXY,高三,3,物化地,女
OZTE,HUZVYAQZM,高三,7,物化地,女
NZSB,FYOIWDBYT,高三,5,物化地,女
RCVL,ETCTNLLXI,高三,5,物化地,男
RGNE,SHIPRKCMY,高三,15,物化地,女
FFHP,JGUXWHAQG,高三,10,物化地,男
MWIW,XWCGNVOQR,高三,20,物化地,女
DUIN,VRUCBMYQN,高三,12,物化地,女
冯峥玉,123456,高三,20,物化地,男
