YLBO,STPJBTASX,高二,11,物生政,男
YFBJ,HKFYGPXSL,高二,10,物生政,女
MEJA,DRWCJZLBI,高二,6,物生政,男
SZSR,SGXXIAEBG,高二,6,物生政,女
JULV,NIGUVISMX,高二,14,物生政,女
MQTA,JTBLTSZLE,高二,18,物生政,女
IMME,KZGBXCKAZ,高二,17,物生政,女
KMHQ,OYCMHKEWT,高二,2,物生政,男
LPYI,EKHLGTRHC,高二,15,物生政,女
MOWM,VIMKWYFQZ,高二,2,物生政,男
YNLQ,JCHEUOXDR,高二,14,物生政,女
MAEF,BTQGRSCGS,高二,17,物生政,女
DZSI,ELMLVSDOB,高二,15,物生政,女
OOTP,AUYLVMKOU,高二,11,物生政,男
SXJW,HLMKFQBND,高二,7,物生政,男
XOCJ,EWJYEFUMM,高二,7,物生政,男
AEUM,LYXCDWLYN,高二,4,物生政,女
GCJD,HCIUUXWJK,高二,11,物生政,女
UQSZ,RWCRQSOTR,高二,13,物生政,女
CRRR,VEGAJVJQG,高二,11,物生政,男
SUGI,VAMJCBNRT,高二,3,物生政,女
TMNJ,WEMBDMYLK,高二,14,物生政,女
EBJA,GPSNJXQFX,高二,7,物生政,男
CLQL,HTKUCGLRZ,高二,17,物生政,男
MRCE,FFUELWEIN,高二,12,物生政,男
VZJF,UPHTSMJYW,高二,17,物生政,女
YXCH,YIZMRYRAO,高二,20,物生政,男
JWDD,SVLBEKQQD,高二,3,物生政,男
KXON,KOKVVUXKR,高二,16,物生政,女
DZMN,ARONREQFI,高二,6,物生政,女
PJVL,YEUMMMXET,高二,11,物生政,男
WRJX,POTBDSPYF,高二,2,物生政,男
QRXW,EFPREKLQA,高二,11,物生政,女
UKDU,GOGSQEXLF,高二,3,物生政,男
OOOE,WKNXYGQZE,高二,6,物生政,男
WRCT,UWMTSKGMO,高二,16,物生政,男
PEEQ,IWGLHTUST,高二,13,物生政,女
FDVD,LHVKMJCHF,高二,9,物生政,男
RLRW,BAEBFKNFT,高二,4,物生政,女
UAMN,WIDZFFHSO,高二,8,物生政,男
LKYX,XBHBHNNAM,高二,11,物生政,女
BJSX,MDVBUTRVV,高二,17,物生政,男
SPFD,WBJQYRSTK,高二,4,物生政,男
VLZE,XIKEREJPC,高二,4,物生政,男
AHBG,JGCWDXANU,高二,15,物生政,男
TKVY,OATIVENED,高二,2,物生政,男
DPXF,QBIUAKJAZ,高二,11,物生政,男
PSMQ,KQYHECGWL,高二,19,物生政,男
UHIB,PTRTDKLTC,高二,5,物生政,女
PNGJ,GJYCOGWAK,高二,6,物生政,男
ITGR,IJLVXHJST,高二,15,物生政,男
TKPF,IXNIKSGKQ,高二,12,物生政,男
VERA,EJEODRXWA,高二,6,物生政,男
NYXD,QVTHXELEF,高二,2,物生政,女
VZNP,TGEMULYUM,高二,6,物生政,女
DGKS,ZKQJCITMC,高二,18,物生政,男
KDFP,GRDEPBFXZ,高二,13,物生政,女
NDJO,DHSWKAHQV,高二,5,物生政,男
NBIC,AWEHDJREH,高二,20,物生政,男
UQFQ,GAKTSGQII,高二,8,物生政,男
WMFS,NFHQUHCXA,高二,19,物生政,女
RTQH,ENSLNBYBQ,高二,4,物生政,男
NPFM,GDFPSLERK,高二,13,物生政,女
BCPM,KTOSKUUKO,高二,8,物生政,女
JFDC,LKNMWGQCM,高二,7,物生政,女
JDCC,IEUBZQQNU,高二,6,物生政,男
XMOD,PDQTMFKFE,高二,7,物生政,男
LLQJ,IGMLSWVYI,高二,14,物生政,女
CQGW,SOBSGLFDL,高二,20,物生政,男
AJOF,YIYKPIJMH,高二,10,物生政,男
WNUQ,CMUKZAKIM,高二,2,物生政,男
BNPM,XAZJYGOBZ,高二,18,物生政,男
SHDV,YPCAVTMKJ,高二,16,物生政,女
KKZE,CXEYMZYNW,高二,15,物生政,男
LBNL,XZWZRQNIM,高二,15,物生政,女
AIGK,XLREHSZKJ,高二,10,物生政,男
KJFS,MVLODYKKK,高二,11,物生政,男
QWCX,MEKMZUBLR,高二,20,物生政,男
BWCU,MFLLLQEJM,高二,7,物生政,女
JJWH,LPRLGWZJU,高二,19,物生政,男
CEPD,RQOUJUPGN,高二,12,物生政,男
DBSG,EUKZYAAMW,高二,7,物生政,男
ETFF,HLGOIWKIW,高二,17,物生政,女
NKBY,LUXXFXTSM,高二,12,物生政,女
KKEU,QMFNKBRBM,高二,4,物生政,男
THNF,XKVRPJOVT,高二,3,物生政,男
MZNG,PWRREOAWH,高二,9,物生政,男
PKPM,QESLUWSFO,高二,9,物生政,女
CVQT,YMEJZSCMY,高二,6,物生政,女
QHEJ,WKRVVHQKN,高二,18,物生政,女
VJRB,CAATFYEXQ,高二,6,物生政,女
BZHR,DWPTTMCFK,高二,20,物生政,男
XCGG,INEZAKQFQ,高二,9,物生政,女
JOEW,RHEUZLAFK,高二,16,物生政,女
FVRX,SKAYQOBIA,高二,10,物生政,女
HBWY,OCJXLAUMI,高二,14,物生政,女
CSZB,DBSZYXOMN,高二,14,物生政,男
GLQG,SZKJXPNCH,高二,13,物生政,女
DPWJ,IHWJLASTC,高二,10,物生政,女
QPLT,CEGJRFBYR,高二,11,物生政,女
WJFR,ZHMOCLFYS,高二,12,物生政,男
BQCO,WGWGCOWTQ,高二,9,物生政,女
MCQX,JFNTVTZPK,高二,18,物生政,男
SYLU,KPOMXIRJI,高二,17,物生政,男
FTTL,HHFRDESGI,高二,11,物生政,男
QWHT,YWLKWBILJ,高二,11,物生政,男
OZAS,WOYNKDXDR,高二,2,物生政,男
JNQE,VMWTXOHVG,高二,10,物生政,男
MOYJ,KKFQOYAJV,高二,5,物生政,男
ZBXK,CFYLVSUCB,高二,10,物生政,男
EIQM,FYNPIOTXN,高二,13,物生政,女
JAJA,VPPBDTUUJ,高二,17,物生政,男
HGFH,MWSNSAVGC,高二,13,物生政,男
SZZF,TTPKMPWWX,高二,7,物生政,男
FBDV,DVZXEXIWB,高二,11,物生政,男
UFUY,HDMUXJDHM,高二,10,物生政,女
MURL,UIIOPBRAR,高二,9,物生政,女
BVUR,VLAYSQWMK,高二,9,物生政,女
TNWR,FYZUXNVSU,高二,6,物生政,男
QAMC,FDDHNQISL,高二,16,物生政,女
OADU,JHOCXZOVZ,高二,9,物生政,男
KNWU,IPJGFTDMW,高二,13,物生政,男
KGTU,LLGSSHGUB,高二,9,物生政,女
JESH,TVNZGXESS,高二,15,物生政,男
XXMG,IGIXIEMBO,高二,16,物生政,男
KZVS,OXBLYFSXI,高二,2,物生政,男
SRMC,UHOXLPRDM,高二,7,物生政,女
XIFB,NLUOUCNOA,高二,18,物生政,女
QVRA,CXMGSNVCF,高二,10,物生政,男
VSUC,VHKLDMDGT,高二,10,物生政,男
QUVI,EQPXYMFLC,高二,7,物生政,男
FVOW,VFNBPTESB,高二,5,物生政,女
HLZI,AVIWEHMII,高二,13,物生政,男
ZVLI,XFPELVCVF,高二,20,物生政,女
SICZ,CMDBFFLMF,高二,9,物生政,男
APUS,JKKVLKMKM,高二,7,物生政,女
CSWA,BJZMDUHIE,高二,10,物生政,男
TFKE,YDBNTYIDJ,高二,15,物生政,女
UNWE,NDVRAHMIA,高二,19,物生政,男
PMOC,YINKBYQKZ,高二,12,物生政,女
JIML,UTHYMUHOB,高二,4,物生政,男
BMSL,LZKOQTKXB,高二,14,物生政,男
MEBF,CHXBNYPPE,高二,15,物生政,女
DIIA,ZRJKRLSNZ,高二,18,物生政,女
URGF,GFCXAVRMI,高二,16,物生政,男
FMUA,CJUHMOSWL,高二,14,物生政,女
JBIZ,IOBAIQJUG,高二,3,物生政,男
BMYQ,ZXUDPGJJO,高二,8,物生政,女
FPTH,MSGVYJQAM,高二,7,物生政,女
BDMZ,TXNIHCVDQ,高二,7,物生政,女
TEIE,GGRTRZKWF,高二,9,物生政,女
VGQC,BHQERMKCZ,高二,19,物生政,女
NJTS,YLJQXEYWF,高二,9,物生政,男
YJHQ,XPBUNWWPF,高二,19,物生政,男
HKMV,TYQJFTICM,高二,8,物生政,男
IWZE,XNVULKXMA,高二,19,物生政,女
MDAL,MBRTORYPX,高二,9,物生政,女
BKJD,IDYNYDJUW,高二,8,物生政,女
JVMZ,ZVWUYXPAO,高二,9,物生政,女
IGRX,YNCBJHTXO,高二,5,物生政,女
GOKC,LNZFJJASX,高二,12,物生政,男
LHGO,MJILAZGPZ,高二,5,物生政,女
PALG,ZZTFCAZID,高二,9,物生政,男
VUQC,IHONTDHNP,高二,3,物生政,男
MNQY,NXHUXUGMX,高二,4,物生政,男
QROK,FCGETGKUZ,高二,8,物生政,女
BQMJ,BMHDJZFOP,高二,10,物生政,女
KSZJ,NKIGMTNWG,高二,7,物生政,女
DWSD,SQBAFKIVE,高二,14,物生政,女
VGCO,SALCCLAUV,高二,16,物生政,女
WFGL,RVNCZYSMC,高二,18,物生政,男
GCQG,AXRIGTRMB,高二,7,物生政,女
JDND,IKVVUSKOE,高二,4,物生政,女
BBYP,KDUEBYCPC,高二,19,物生政,女
YQQI,EXMTHDGFY,高二,11,物生政,男
ODCL,VSXMIIADU,高二,15,物生政,男
EZXS,BYJMVYPUT,高二,11,物生政,女
MQBJ,HVRPPIDNX,高二,12,物生政,男
SWIP,MQBKGXAAF,高二,10,物生政,男
BLOX,EWNVHCYHC,高二,6,物生政,女
ODER,MLMTIYRSE,高二,11,物生政,女
OKLG,TVWXZPRTX,高二,14,物生政,女
EBXG,PQUVWEMGB,高二,20,物生政,男
OOGN,UAOLJUSJE,高二,20,物生政,女
HWYU,NDSRRGNTL,高二,9,物生政,男
BNRN,MNUANYVEN,高二,17,物生政,男
CUMF,ZVCHGCTMT,高二,4,物生政,女
HOLB,CTUILSNRM,高二,8,物生政,男
KALE,QHVZYGWFA,高二,15,物生政,男
FZRO,BNPUMQZAF,高二,5,物生政,男
UKNK,TOQJVEXJM,高二,14,物生政,男
CJNW,PWMEEVEMM,高二,3,物生政,男
NRWE,RZXDJAHUY,高二,12,物生政,女
ZBGE,TLNLSUPGM,高二,10,物生政,男
VLZB,FEUWYCHNK,高二,5,物生政,男
XGIQ,NBQNKHIJE,高二,4,物生政,女
MDSC,KEAQAPESR,高二,14,物生政,女
NWTS,ZYWRNRNVR,高二,10,物生政,女
XBXX,SQUPWEMLU,高二,3,物生政,男
GZKG,ERWJTLXJP,高二,12,物生政,女
PHSK,OWHNZWLJL,高二,11,物生政,男
EGEX,ZJURPXVKL,高二,18,物生政,男
VLEV,PDEBHCNAE,高二,8,物生政,女
TGXN,ABAIHNRUP,高二,17,物生政,男
BYDQ,EATRXDWEY,高二,9,物生政,女
CVTY,RFUIBEPTG,高二,14,物生政,男
UJSL,ADNVINZFA,高二,8,物生政,男
TLQK,UBNWUHGJU,高二,4,物生政,女
CEHT,PIKSOCMHG,高二,12,物生政,女
VLIA,JJZUMMCUH,高二,11,物生政,男
VUYI,TKYJNYIFB,高二,12,物生政,女
KCCQ,CBFVGOWZW,高二,10,物生政,男
TDMF,KNTYIAMUS,高二,6,物生政,男
YIEJ,BZWSJPCGT,高二,5,物生政,男
FRQN,CCQEOKFYC,高二,3,物生政,男
NRNA,DJTMIXJSJ,高二,5,物生政,男
OZCR,OTTWUGDFD,高二,10,物生政,男
TFHP,RPAONTQBP,高二,5,物生政,女
DBJM,XGXLVNWLM,高二,5,物生政,女
KRFB,ONBODEHWZ,高二,12,物生政,男
MYQM,YTLMWBSNQ,高二,2,物生政,女
FHDA,BQSBDZOZN,高二,18,物生政,男
JBAL,SOFTSCLPZ,高二,19,物生政,男
GHTI,EAWYWSZQS,高二,16,物生政,男
OGPQ,EZXEEWPGP,高二,2,物生政,女
NMWF,BUESWILQT,高二,5,物生政,女
HONT,UEVMZTWWH,高二,17,物生政,男
WEPR,IVICBYTLW,高二,11,物生政,女
QCHD,FZDLBBEXA,高二,18,物生政,男
YDWE,AAKDJFBOH,高二,4,物生政,男
YQDO,KBBQCPJVJ,高二,6,物生政,女
DHSP,LAQDKBLSK,高二,19,物生政,男
OJDG,TLGYPAVGE,高二,8,物生政,女
DVLZ,SUZXNFPRS,高二,18,物生政,男
PMJB,IIXEDCXZJ,高二,4,物生政,女
SMWE,FBMDZMWOS,高二,20,物生政,男
AOIL,SCCPIHYYG,高二,18,物生政,男
GEJR,XZSORQOED,高二,3,物生政,男
HPKS,HUZFGMMKZ,高二,2,物生政,男
DBXE,TBRLXYXOR,高二,13,物生政,女
DEST,NAUGPULSX,高二,4,物生政,男
CGPS,TGKMTVMQS,高二,16,物生政,男
AMNM,AXKZOAZPC,高二,8,物生政,男
VALP,UXLDIQMMO,高二,5,物生政,男
BUSW,BFDSLMVBE,高二,17,物生政,女
FIBU,DZDDGHHMA,高二,13,物生政,男
DBAQ,NGPBFCVUW,高二,10,物生政,男
MVOT,WJUPIRGLA,高二,11,物生政,女
LCAY,FOAODYFJE,高二,20,物生政,男
RTBT,AUPQKJSXS,高二,5,物生政,女
VUZD,NYHDXQJIF,高二,16,物生政,男
XTWS,LTNHCJGWX,高二,20,物生政,男
CYSJ,DUQBFOZLE,高二,4,物生政,女
MRVR,JQQIGIGWS,高二,13,物生政,女
DWGI,DIYAUQBFU,高二,7,物生政,女
KXZH,OWUITGLJC,高二,17,物生政,女
DXWH,EWOJLFJBJ,高二,3,物生政,男
YIUH,QFMNDNFBE,高二,11,物生政,女
OVQT,WOFKGYSXK,高二,3,物生政,男
ZKJP,DIQSZMVMW,高二,12,物生政,男
QQZY,GVSCJPQJU,高二,10,物生政,女
EYHH,YMCZCIVOQ,高二,15,物生政,男
KTXM,UAVZBAFLK,高二,11,物生政,男
FJFM,OUKCRYRGF,高二,19,物生政,女
UQLF,MJVPXHAUE,高二,17,物生政,男
HWZJ,LNHXVVXMI,高二,10,物生政,男
VFQV,JFARBLERH,高二,12,物生政,男
QBEN,BRCEGOLJK,高二,17,物生政,女
XLER,NYSKITYBI,高二,2,物生政,女
MLKY,VKHNCPUVL,高二,6,物生政,男
KAWO,UYSBTHBXF,高二,3,物生政,女
ALVB,ZCYPNVKTY,高二,7,物生政,女
VTYZ,IURUTCXBA,高二,17,物生政,男
IGEW,LDFBWPVEU,高二,16,物生政,男
LXCC,TMNEAUGMB,高二,6,物生政,男
XHSW,VEAGBXOTE,高二,8,物生政,女
DMWG,THBMCCUUE,高二,14,物生政,女
UHBB,VCYVRCENZ,高二,18,物生政,男
HANC,YCUVUWNZW,高二,6,物生政,女
CUEJ,SSXDJLHBH,高二,17,物生政,女
PVMW,PTNNKJQDR,高二,3,物生政,男
XGSF,NMIPAKITM,高二,13,物生政,女
LFVO,PNEXMFMNJ,高二,10,物生政,男
NWDL,KBAYTAFBV,高二,6,物生政,女
LRYI,RHNYPGJAC,高二,15,物生政,男
GNXF,VAWVMAQIH,高二,18,物生政,女
NIWF,GJLERQXNC,高二,14,物生政,男
EHTL,NEQVABFOC,高二,5,物生政,男
QDYT,LOKASIBPX,高二,14,物生政,女
IYGQ,NMHKVQEJA,高二,18,物生政,男
FKXR,WXOARTRAI,高二,12,物生政,女
GWDV,UZSYQNOVV,高二,16,物生政,女
YRKC,MGZTGQPRL,高二,3,物生政,男
MOYT,ICSSXECSG,高二,8,物生政,男
KXKC,PXNHELMPS,高二,12,物生政,女
WWEA,WTCWNENCA,高二,12,物生政,女
MGYD,QMUWFPVQU,高二,14,物生政,女
EMHR,KDTJWKZMD,高二,19,物生政,男
HPYQ,AQHJBULNY,高二,8,物生政,女
KUIM,EWXLFXMYE,高二,4,物生政,男
UWRB,KYWNREZNP,高二,2,物生政,女
XVEZ,SKGNSAJSI,高二,4,物生政,女
LZVV,TUTTYDGXD,高二,2,物生政,女
LJPG,WIVGSTIKB,高二,3,物生政,女
GIHC,PZOOYEESO,高二,19,物生政,男
XYFQ,LYSIAJKRZ,高二,3,物生政,男
SZVA,BKHWVUJNT,高二,16,物生政,男
BDTD,FTFVPLWDK,高二,16,物生政,女
FFYE,WHABKVOZC,高二,12,物生政,男
CMFQ,XOXILFXUF,高二,16,物生政,女
KVYN,RHVKGMHSU,高二,6,物生政,男
TBDL,DUJFCVLDL,高二,5,物生政,女
FRQH,QUWGLGBFY,高二,7,物生政,女
XVAP,AXPYFWNZC,高二,13,物生政,女
QGYS,NNNCHHMDO,高二,6,物生政,男
BGGX,GKQQHXYDV,高二,10,物生政,女
ADOR,WYGQWYPTX,高二,9,物生政,女
NKVM,MUOBIDUJV,高二,18,物生政,男
VVQE,FNZZVYDIX,高二,6,物生政,男
TXPJ,AKHSCBNTH,高二,5,物生政,女
KFGV,TBPTUAFWL,高二,14,物生政,女
WPIF,AQXPKYRAJ,高二,3,物生政,男
HYID,EYNQQBUVK,高二,18,物生政,男
UTTG,CVEAJRNJO,高二,7,物生政,女
LGSD,RDKNEGWIU,高二,6,物生政,女
KYJB,MEGIJPFOS,高二,3,物生政,男
LVOL,JVNULDRMK,高二,5,物生政,女
BBMC,WXHTGFQCL,高二,16,物生政,女
UGBR,XBJVUILFD,高二,9,物生政,女
URVK,EHNXUBYCG,高二,13,物生政,男
VUPT,EQOMTBZPT,高二,20,物生政,女
TANL,CTGKVSBII,高二,15,物生政,男
NZOS,VTJMEJZMS,高二,20,物生政,女
FCTF,NTLLTSYOW,高二,13,物生政,女
BNYS,HDTUIRKAD,高二,4,物生政,男
AZKL,TFPUMTVRD,高二,3,物生政,女
HRNZ,YJISCLEZP,高二,5,物生政,男
GRKU,KLCVVJPOP,高二,15,物生政,女
WXYJ,GFGLUODHP,高二,8,物生政,男
FPWW,VXQAFAHMW,高二,3,物生政,女
EMIN,JNBPNUATO,高二,2,物生政,男
YHPL,IZLXIHQAC,高二,6,物生政,女
RXGX,CFTROMJTQ,高二,9,物生政,女
MWUL,CALVQDEJU,高二,20,物生政,男
AGXH,KVYWGEXMB,高二,17,物生政,女
FLMS,ZAYIRVNTE,高二,5,物生政,男
