姚梦雪,114514,高一,10,历政地,女
IHZM,YOWLDNGMF,高一,13,历政地,女
TLBZ,HBCUHTPVT,高一,17,历政地,女
IFHX,ZVLWILHHG,高一,18,历政地,女
AUNR,LTRVKSNWG,高一,11,历政地,女
BKLI,FNLHLALBT,高一,3,历政地,男
YBVP,IPEBFITYW,高一,13,历政地,女
OSZZ,BXORFKNXL,高一,2,历政地,男
ENOP,BYUYWEAAP,高一,19,历政地,男
FFGA,KDAEFSTPD,高一,3,历政地,女
JXZG,YWDZOVLCV,高一,17,历政地,女
UFLT,MVCVGQZGH,高一,19,历政地,男
QLSX,RRMLBQHGH,高一,8,历政地,女
XBTU,QUKQJIXIC,高一,19,历政地,女
IMIL,WQKXTWTBT,高一,13,历政地,男
SOCL,QQYNHJWXP,高一,11,历政地,女
RTGC,CIKHWKRKK,高一,5,历政地,男
NOZG,UBKVEQKVR,高一,15,历政地,男
VTZI,TTXNKXLFT,高一,8,历政地,男
RUFU,UNUOVVPNY,高一,13,历政地,女
YZIM,KRKDZUYIX,高一,14,历政地,女
KXEE,YUZDHCYAK,高一,5,历政地,女
OKWN,AFSLQZZCM,高一,11,历政地,男
ZYSB,RXPWCBWEC,高一,18,历政地,女
LICR,SUJLFWEOV,高一,13,历政地,女
JFXD,GTKZPKRMN,高一,8,历政地,女
WIOG,PLVMROXZG,高一,5,历政地,男
FCSE,HVLPATBYO,高一,5,历政地,男
GOZP,TTAYHDHHD,高一,7,历政地,男
WSCR,SPBSAPLRA,高一,12,历政地,女
THJO,BBIMONGTO,高一,13,历政地,女
CTYC,ZIPMPQXHU,高一,15,历政地,女
RZCW,MDXVCISYH,高一,14,历政地,女
MMBA,RCZXBBYZK,高一,11,历政地,男
AAOL,BPEAYQQPO,高一,4,历政地,男
HSVU,UGSBWJCUY,高一,19,历政地,女
UBPY,LCTLBIOKP,高一,9,历政地,男
VLON,QLEHKGWFN,高一,15,历政地,女
WMWA,RFGZFFMQW,高一,19,历政地,女
JJGX,JVXFMKFIV,高一,14,历政地,男
WZGY,XNVZAJELW,高一,2,历政地,男
UZAO,NLCYOIXCC,高一,11,历政地,女
UVEN,QBZNJGQGF,高一,17,历政地,男
NFVO,FRSGUSOFH,高一,20,历政地,男
FCIK,BQFWTCXBU,高一,12,历政地,男
OQJT,LDTZUVTCQ,高一,16,历政地,女
MXGV,RUWIRCMBY,高一,6,历政地,女
LENK,INUZDPNZN,高一,9,历政地,女
DSPP,WPLUAYNSQ,高一,6,历政地,女
OWWP,APCIZLQBN,高一,6,历政地,男
PLHX,LBXSBPLIA,高一,16,历政地,女
TTGY,MMUSZPYPW,高一,19,历政地,男
MBVM,MCPIZHDSW,高一,8,历政地,女
UAJE,VNSORUSIW,高一,12,历政地,男
RYFA,GVZKKYMLM,高一,9,历政地,女
XXEG,VINTVOQML,高一,2,历政地,女
OSEI,KRTEJSRVV,高一,19,历政地,男
UJIK,YEOFNIHRQ,高一,14,历政地,男
ZCMD,HSKOKGURJ,高一,5,历政地,女
LUCL,CTBKRFQDA,高一,20,历政地,男
YAAI,JJAPOICXQ,高一,3,历政地,女
LOIS,ZDATIUYAY,高一,19,历政地,女
YSIS,BFFQSXSIW,高一,20,历政地,男
ZIYP,KHSXDALGZ,高一,4,历政地,男
RPNZ,LEFDJLOIW,高一,18,历政地,女
QDUB,KTJCWOCRX,高一,3,历政地,男
EPTS,NLJZGIYCP,高一,16,历政地,男
DAVE,GHLOQGDVY,高一,18,历政地,女
YSZS,HYDLTTFSE,高一,7,历政地,女
XIPP,LRFKHBABZ,高一,18,历政地,女
TQMO,SJDJNSQTJ,高一,19,历政地,女
KTJH,YIXOBDUCQ,高一,8,历政地,男
WKUD,JUGAKHCIH,高一,15,历政地,女
MNVQ,MYDTNBHUS,高一,7,历政地,男
SZBK,EVPGLSALG,高一,9,历政地,男
WATN,XQBAABIIU,高一,20,历政地,男
KEFU,BTIZMQQAV,高一,8,历政地,男
DLGE,HSXKOVQCY,高一,2,历政地,女
FXKT,DMVZTHXSE,高一,10,历政地,男
RRMH,ESMPLLERQ,高一,18,历政地,女
WDDA,XFDLTRLRR,高一,8,历政地,男
WPSW,NMFWVGJZX,高一,11,历政地,男
WPTF,QTNXUTYZJ,高一,4,历政地,女
VVOV,YIDRZINPV,高一,17,历政地,男
QUJI,UJIJPBKRZ,高一,19,历政地,男
BUWB,GSWEDXVGE,高一,8,历政地,女
YMIB,RKZAELIBT,高一,7,历政地,男
TRUC,HYZYVDKOH,高一,11,历政地,男
ETTM,FWGSSEHYV,高一,6,历政地,男
HRVZ,UBRMLXSZG,高一,12,历政地,男
MNJR,IHNIZZOKD,高一,5,历政地,女
DCHJ,FAVSPYJVV,高一,15,历政地,男
RWZW,VFOONDJAS,高一,10,历政地,男
BMOZ,WHCOVJQAB,高一,8,历政地,男
ZECR,KKOLAGJQJ,高一,5,历政地,男
DZNJ,ZZMXPICLO,高一,9,历政地,男
UKFR,KSSYDBKXZ,高一,3,历政地,女
LVKR,JWDFIQXZP,高一,4,历政地,男
SMRD,WSVCQJCYM,高一,19,历政地,女
HWRO,HEXCVPWZM,高一,18,历政地,女
SAOC,YNAAYKEDV,高一,9,历政地,女
OQPK,IDICHYFEM,高一,4,历政地,女
ETLM,XXARMPTNI,高一,8,历政地,女
NWXW,WTSCXEXYH,高一,12,历政地,女
KTNU,IAWSYAQRS,高一,3,历政地,女
HAMQ,LNGLTVXWH,高一,20,历政地,男
FELR,WOKBVOFZM,高一,15,历政地,女
JWBG,NVWFULDCT,高一,13,历政地,女
VBIJ,QFQMJQSBU,高一,7,历政地,女
HILN,NUYSHYGZG,高一,7,历政地,男
AHII,SACHYRXGZ,高一,20,历政地,女
DULL,NAVMLFKWL,高一,13,历政地,男
ATOV,NZGXUUEPN,高一,13,历政地,女
OBEF,GKQDPYKGF,高一,18,历政地,男
WLWL,RKDJVWXYZ,高一,11,历政地,男
BPBH,MGUBWSCBH,高一,7,历政地,男
QYFF,GDNVECXHI,高一,16,历政地,女
BHBA,NWFTWBXCX,高一,8,历政地,女
OVHF,HIFNYQFEP,高一,9,历政地,女
QUAH,IAPKIGAGS,高一,5,历政地,女
MLIN,EFQYIKECE,高一,11,历政地,男
ADJD,QXZAGSHWF,高一,7,历政地,男
LFPE,SFFVABFXQ,高一,10,历政地,男
BKXG,XNAVFEUFO,高一,14,历政地,男
JLIX,FIIMFYKZM,高一,14,历政地,男
DLAX,ZEVHBRKDS,高一,17,历政地,女
VXTO,XQVEDCBRW,高一,12,历政地,男
QLHG,GNLNMLMHI,高一,11,历政地,男
MLVW,QRERWKZEE,高一,9,历政地,男
YXKY,ZQIRABCNX,高一,17,历政地,女
IVUL,BUIBYVSOU,高一,20,历政地,女
QCYJ,BALYYLILU,高一,7,历政地,男
BEFL,SALVXCDNX,高一,15,历政地,男
XLOQ,JVPBTYOOV,高一,14,历政地,女
NZHL,IYIGSHTBN,高一,3,历政地,男
ITMG,IQJVDBTND,高一,10,历政地,男
ATUJ,EAWHNJZIE,高一,6,历政地,男
ADCU,QMJFETXMS,高一,15,历政地,女
YUGN,KWHBIQHBH,高一,14,历政地,女
JROT,EIYOLCZAL,高一,10,历政地,男
RLOT,EUQPDCCAV,高一,6,历政地,女
QCPB,KDWMEKCZQ,高一,3,历政地,男
RNYF,RGGEYTOCD,高一,2,历政地,男
JHEJ,DWTYXXYTQ,高一,7,历政地,男
BEGC,YXOTOHCNZ,高一,5,历政地,女
AMFP,OOOFIPKNI,高一,11,历政地,男
STQM,KSWGBJHGG,高一,4,历政地,男
AVEG,UTPBRGSXC,高一,18,历政地,女
GHMF,YXBAPZDXS,高一,6,历政地,男
ZBMV,GOHIPRUOH,高一,11,历政地,男
PKLS,CXDDYDKBM,高一,12,历政地,男
QQFU,DYKGANKHC,高一,4,历政地,男
TBVX,AQYVBFSYJ,高一,20,历政地,男
ECTE,NPLTHEJHT,高一,16,历政地,男
DPVM,BGJPBEJEA,高一,14,历政地,女
XLJO,WKHVKIHTU,高一,20,历政地,男
DHZX,HLPCLVHRK,高一,18,历政地,男
DXOO,MFNJPIERF,高一,6,历政地,女
JLNV,EABHPNBUJ,高一,5,历政地,男
RLAY,NITHIWVRK,高一,15,历政地,女
ZGUO,VVXLGNZLM,高一,2,历政地,男
IKQD,ODYDWVWDC,高一,16,历政地,男
DAUP,SZNVYZLKG,高一,5,历政地,女
CTYV,NIOSJZXTA,高一,14,历政地,男
MJAF,ZYAKQIYQY,高一,9,历政地,男
CZZK,AYZYVPCMI,高一,7,历政地,女
GQTA,VXVAUJRYM,高一,17,历政地,女
HXJL,ETXWMYJIL,高一,3,历政地,女
YRBR,SJXXLXXED,高一,14,历政地,男
ZUKK,QRTDHQUKS,高一,13,历政地,男
NKIG,OBDRJIKQJ,高一,5,历政地,男
CJMX,BYJCKMTTR,高一,17,历政地,男
QQRB,DPGDNGEQG,高一,20,历政地,女
SAZL,ULNVLSFIB,高一,16,历政地,男
TPDE,BYVQKYSPI,高一,6,历政地,男
SVPE,AJKLTTUVK,高一,13,历政地,男
YZPB,HTMIOISAJ,高一,15,历政地,女
XWSH,IAVTNWGPR,高一,20,历政地,女
TVPC,QONTAETEC,高一,5,历政地,男
DKLD,TFVNQDLRW,高一,19,历政地,男
JQGI,RGCHZMTLI,高一,17,历政地,男
ZVLQ,SCGWLWEFA,高一,7,历政地,男
UPIR,IXMHGCUOM,高一,19,历政地,女
WQVW,OHYKXFRDN,高一,2,历政地,男
GQQU,ROSMCYUXL,高一,11,历政地,女
XYXP,WJAPXLCUU,高一,9,历政地,女
LIXQ,JWYPDFAFY,高一,8,历政地,女
CIRE,ZTXHJLKHL,高一,4,历政地,女
KUQA,IRLITHYXO,高一,5,历政地,男
BMFF,SONXNYTXB,高一,10,历政地,男
TSVV,ARHLLBJQQ,高一,2,历政地,女
FNTG,QFWIEREFI,高一,5,历政地,女
ZUXE,AENEQVHDH,高一,6,历政地,男
CSID,ICMBCUPMO,高一,18,历政地,男
DRNW,MZYWUDSPU,高一,8,历政地,女
PWTQ,QKIZWFOLB,高一,20,历政地,女
BKDO,PQNYAHRXA,高一,20,历政地,女
WZFP,PXOVUAZUW,高一,15,历政地,男
ZKDU,ZEQTJLISC,高一,2,历政地,女
PULI,HSVUZDORG,高一,4,历政地,女
JFZD,IOYJTDBRW,高一,7,历政地,男
KPOH,XSTNKEGVW,高一,18,历政地,男
LCGU,SIFNHRHSU,高一,10,历政地,男
WBKU,VCLPGFLHJ,高一,18,历政地,女
XREH,KLETWIBOW,高一,13,历政地,男
TRQB,QBMYSAOCN,高一,20,历政地,男
GBXA,IBUFYATLC,高一,14,历政地,女
UJEF,CZJBZJHJQ,高一,6,历政地,男
WBFH,JTFJTQHBO,高一,20,历政地,男
AKZB,AJGMVMCTQ,高一,14,历政地,男
CPKA,WNDYBJCDW,高一,19,历政地,女
KPBS,CXRGNGYKU,高一,8,历政地,女
LZYS,ZHQIETQDN,高一,10,历政地,男
UPDA,PZANJUXLH,高一,10,历政地,女
AAOX,WDJAAOZMK,高一,4,历政地,男
SRAO,YOOGDGIRE,高一,2,历政地,女
RJOT,BLGVUWVEQ,高一,2,历政地,女
AJUF,PMRTOTUFD,高一,11,历政地,男
CSTU,OFVJFHLLA,高一,11,历政地,女
URTJ,IEJSGICFH,高一,7,历政地,女
THUD,COKKZUYEH,高一,18,历政地,男
YPET,LOLIRXGUX,高一,16,历政地,男
BSGR,PKJYSMINH,高一,9,历政地,女
QZUI,ESNVAVASL,高一,16,历政地,女
TGUS,NIKBBSJDZ,高一,5,历政地,女
NNWL,UNGRIKOLI,高一,8,历政地,男
ZYRV,NATVACKUI,高一,13,历政地,女
JFNK,QWPBHDFTJ,高一,11,历政地,男
YKMS,MKBDQMSSJ,高一,19,历政地,女
GDBU,KYGYLMTMO,高一,9,历政地,男
JHVH,ZNFSPCJRQ,高一,11,历政地,女
SFQT,KOSWXMOOK,高一,14,历政地,男
LDVT,QMNUPJVBR,高一,19,历政地,女
QNLE,NSLKCFQQE,高一,7,历政地,男
IWFQ,IBZJJWFRY,高一,4,历政地,女
DUUH,SEJOLGUNZ,高一,15,历政地,女
ZTAI,SMJLXUCAE,高一,10,历政地,女
DNKE,OLBKMBNCO,高一,15,历政地,女
WBBV,QUMTAKJPU,高一,15,历政地,女
GZHT,CCGZDHYXV,高一,11,历政地,女
LQBK,OFNFMWNLP,高一,20,历政地,女
CDBM,JECJWJDOK,高一,8,历政地,女
JVHB,IYXAHSJUA,高一,12,历政地,女
RSNJ,QECDZYXHT,高一,17,历政地,男
DBTV,SZRFRKNUE,高一,4,历政地,男
JJTQ,QYGLAHBWE,高一,10,历政地,女
WNBC,HDJSZIJPZ,高一,17,历政地,女
HHIW,OIHATVWZP,高一,2,历政地,男
AFUQ,YUXLWHLRJ,高一,7,历政地,女
LLZS,DXCHRJGVE,高一,19,历政地,女
SMXV,AVLHBEBGQ,高一,20,历政地,女
NFJT,XDOXMQISM,高一,11,历政地,女
GVQU,OLAHHNDDK,高一,17,历政地,女
AITI,FAIHKSKZY,高一,6,历政地,男
XVYH,QUHLLJIUN,高一,16,历政地,女
RZPX,PICHNANSI,高一,17,历政地,男
QCDJ,HCPSFRWNW,高一,6,历政地,女
AWIK,NGEELTURA,高一,19,历政地,女
GFAT,MSPBXTGHG,高一,13,历政地,女
GCAN,KNSKBZHDC,高一,2,历政地,女
ZCHX,NHPRNIMUW,高一,6,历政地,男
KSSJ,BIWPDQAVK,高一,11,历政地,女
QLUH,SZKAREMXS,高一,12,历政地,男
WLYO,KJBWEKRJK,高一,8,历政地,男
YEBC,HHARTUBKT,高一,4,历政地,男
IGNS,RLIAPBECO,高一,8,历政地,男
YQFZ,ZUGXLKZPB,高一,12,历政地,男
GXXW,YKKIJWUQF,高一,10,历政地,女
WGLI,UMGDULBHW,高一,20,历政地,男
JUEJ,MEFBRSHJF,高一,18,历政地,女
SOBC,VJMAWTRSI,高一,2,历政地,男
CFPV,NVWZTHUXV,高一,17,历政地,男
MNYR,NHJYFPWOC,高一,14,历政地,男
QRPK,OXAWBYHBU,高一,15,历政地,男
LEGE,RJRGAYXYO,高一,13,历政地,女
OQPV,FAWQDKLXI,高一,5,历政地,男
HLHX,QIVTCJTTA,高一,19,历政地,男
VEEO,DBOOOLOVZ,高一,5,历政地,女
TCME,BCDXWKUNY,高一,2,历政地,男
TRJM,MIOCVKLZD,高一,11,历政地,女
CZIU,EUUTSQOSU,高一,18,历政地,女
WDTS,YZYZEYWKJ,高一,18,历政地,女
MQQO,LDOBIGICO,高一,8,历政地,女
SZVE,OPQFLSWHV,高一,6,历政地,女
BJNR,OUWLIPEHO,高一,2,历政地,男
CTIB,EOMOPRQTE,高一,6,历政地,男
WVNJ,TZYEQZBWT,高一,16,历政地,女
EEPF,SPEXNLVHS,高一,19,历政地,男
ZQDS,YXYKFIVAV,高一,18,历政地,男
ZMVS,TXQKFRAQR,高一,14,历政地,男
ATMM,QOOBLGSZC,高一,4,历政地,男
AWWW,KFFQHIPKW,高一,9,历政地,男
SQKN,RNSXAPSYZ,高一,16,历政地,男
VNRM,JXMAYRNAT,高一,2,历政地,女
CQMJ,IQJNKVSHR,高一,17,历政地,男
JCCP,NKZKWCDJO,高一,5,历政地,女
NAOW,OFHAQAGEN,高一,13,历政地,男
MAZF,GMRJKLRMB,高一,5,历政地,女
NEUR,JGUCZNJVG,高一,7,历政地,男
FGPB,NYPZFGQZD,高一,15,历政地,男
UFRY,FSVJBVYDU,高一,7,历政地,男
DEDQ,BYRIQDVHD,高一,10,历政地,男
UJRL,LPDFQQUJV,高一,5,历政地,女
XTMY,KMAGVBMLK,高一,15,历政地,女
NMHY,FEYHPXEVI,高一,11,历政地,女
ZSOI,GPMXPMXNK,高一,16,历政地,男
GCWU,PAVLYDNUA,高一,11,历政地,女
KOHF,SRKJAIOGJ,高一,4,历政地,男
CERE,RYFWOAYVN,高一,4,历政地,女
JBEA,IQYXKBMAE,高一,10,历政地,女
ZCAZ,LGLUPTHFI,高一,10,历政地,男
TUVJ,YZOLORZZK,高一,4,历政地,女
IOXY,FFALXTMWB,高一,7,历政地,女
WIPM,TFLMRCOTI,高一,12,历政地,男
ASGU,VRQDNNNRI,高一,7,历政地,女
SFJI,RLZDDUTQV,高一,16,历政地,男
TWLC,GKOUSGWUO,高一,18,历政地,女
IFYW,QUYKZQNSF,高一,8,历政地,男
ZXTE,UTRURDOZO,高一,12,历政地,女
CYYQ,BPQCZUOEB,高一,7,历政地,男
UDHX,VKXHFGCLD,高一,14,历政地,女
NWJH,KTDWLTYCD,高一,15,历政地,男
NIUD,QIUMAGIYV,高一,16,历政地,男
RGHY,LWKLXVNZL,高一,20,历政地,女
OXYO,QSHWJFEPO,高一,11,历政地,男
SXBS,PNHOXXDVR,高一,3,历政地,女
SCEF,IWHFTXBPS,高一,18,历政地,女
ETDR,QSPOQEXRN,高一,3,历政地,男
CQEL,FWXCFGXYN,高一,7,历政地,男
CXFV,ELBOWIILE,高一,17,历政地,男
DCFB,FDQSMUAPG,高一,9,历政地,女
GBJJ,YVVQXQIBX,高一,17,历政地,女
XYFS,QDBWHOYEK,高一,13,历政地,男
PVKV,MYIZOXAME,高一,15,历政地,女
GSAP,JBNNHLUCP,高一,4,历政地,女
ODSH,UYPSXXHCA,高一,19,历政地,男
BAKG,QRZLTFDYD,高一,13,历政地,男
UDVH,KANNEUDDD,高一,18,历政地,男
GCFM,SHEKDTYNR,高一,17,历政地,女
JCEZ,LBFJHEMOA,高一,4,历政地,男
YTGJ,EZSHPHFBG,高一,20,历政地,女
TCMH,SMSTXOKVH,高一,19,历政地,女
PXLH,JAFBQSAUA,高一,15,历政地,男
AASQ,PSUFWFMBS,高一,11,历政地,女
RKAU,XGSWHUNCK,高一,4,历政地,男
NQLN,MQDDWKOSZ,高一,5,历政地,男
CFHG,KASUXVBML,高一,4,历政地,男
BGTA,WAJBVIOPL,高一,7,历政地,女
YGRN,NYEGAHQHN,高一,16,历政地,男
JFFM,DNDBRWSOM,高一,20,历政地,女
BNPI,WPMBBGWRL,高一,10,历政地,女
PNWL,SIAPKGGOY,高一,17,历政地,女
WEXR,BRGUWUMCI,高一,7,历政地,男
IQXI,VERYKTWDU,高一,2,历政地,男
MSBF,CIWXDZJYQ,高一,14,历政地,男
