IBZR,QUWXCMVME,高二,7,物生地,女
IQUA,DYXTQWWFP,高二,19,物生地,女
YJUA,RUTGSJCHJ,高二,13,物生地,男
TXPD,MRXDVUTEN,高二,19,物生地,女
DPSM,OIJXZJBEH,高二,6,物生地,女
VWIW,CYPWRXDEB,高二,5,物生地,女
BXXD,NWBHOFZSK,高二,17,物生地,女
WVIP,ETBJDUWUM,高二,17,物生地,女
GOUX,MUJJYWQFQ,高二,11,物生地,男
YTLK,XRQMDZMUO,高二,7,物生地,女
RQWW,BHJZMZPDU,高二,18,物生地,男
ZOWR,NQZMWVHJD,高二,3,物生地,男
OQEA,NZYWCNDBO,高二,8,物生地,女
JTQB,BLDKTBQOM,高二,3,物生地,女
EMMI,GPTQSDRNC,高二,19,物生地,女
NLPO,YGLSIBYKD,高二,14,物生地,男
YXBI,ILQXBCJBE,高二,17,物生地,女
MPWW,XKJXLMURD,高二,6,物生地,女
NEGH,PIVFHURRB,高二,11,物生地,女
ATFI,IQGCYASGB,高二,20,物生地,男
QQJQ,YNUUDEYZB,高二,14,物生地,男
GKBN,GPWMMGWMZ,高二,6,物生地,女
BJHX,YFIZJMNAB,高二,3,物生地,女
WDKU,ZNODNRYTR,高二,2,物生地,男
LNEB,JYAANRYYR,高二,13,物生地,男
MQGR,SGDSPPGTC,高二,12,物生地,女
RIZK,DZVTKVKEG,高二,7,物生地,女
EEKG,XFDNCAQWD,高二,18,物生地,女
FERQ,QPTQVGDML,高二,11,物生地,男
SQLY,PCOYEDOMU,高二,11,物生地,男
OYFE,JHOZVSPIF,高二,10,物生地,男
USOY,XOHMFQWKJ,高二,5,物生地,男
OKMV,TCTGXSVXN,高二,5,物生地,女
AAYQ,VVHGJDYWZ,高二,10,物生地,男
RBNK,FIRFPQFSS,高二,9,物生地,女
ASTM,DOHGGLRMJ,高二,18,物生地,男
NDEF,BVTDVHLQD,高二,12,物生地,男
ZRMT,LSUBQVVMU,高二,8,物生地,女
KWKY,DFKMUKAMO,高二,17,物生地,女
ULNO,TQAGWHUMS,高二,14,物生地,男
INCH,RDCAWHSYD,高二,12,物生地,女
GIGM,JKKEJOIUO,高二,9,物生地,女
RTFB,KFHFXRIZE,高二,20,物生地,男
BOUR,UOHDSKFMK,高二,6,物生地,男
LZHM,YVTZKDKML,高二,11,物生地,女
TFFF,LXSHCCXIM,高二,5,物生地,女
ASRC,ECYXWJEAP,高二,11,物生地,女
NBDZ,UBDJVCITX,高二,9,物生地,女
VDFB,TXWYHBLQB,高二,11,物生地,男
ZEOS,WWUTJOMUK,高二,8,物生地,男
GTFV,LTSTBYXDD,高二,6,物生地,女
SSKR,OGAULFRZR,高二,16,物生地,男
IEBT,WLQMUIGAS,高二,17,物生地,女
RLJH,IQATANFDG,高二,3,物生地,男
UZKR,VUQXLRFYF,高二,4,物生地,女
AGHT,MNDIIHPFX,高二,17,物生地,女
ESGB,CQTETLTJM,高二,18,物生地,男
WBDH,VVTFKEZIV,高二,20,物生地,男
VLSI,YDWTWHCBN,高二,14,物生地,女
CCUT,TGVRYJCTF,高二,9,物生地,男
HFMM,BKHQRXXKB,高二,18,物生地,女
CJOU,VAPGGWOBE,高二,12,物生地,女
CTFV,JNPLSGQRA,高二,20,物生地,男
IEXD,IXDVBIOFW,高二,3,物生地,男
LCZS,HKSIIIBXU,高二,18,物生地,女
RCHY,HLATEJJXT,高二,15,物生地,男
PTBC,PWHQECNZF,高二,7,物生地,女
NRKL,JQVEUUBCZ,高二,11,物生地,男
HIWC,KQKNMWEOT,高二,19,物生地,女
GXKG,EMTHESTPA,高二,15,物生地,男
JOQV,ADIWVVKDY,高二,5,物生地,女
QUFY,XRALVBPAM,高二,8,物生地,男
NOGV,AWPJQNFKH,高二,7,物生地,男
KFRN,OVGEFCBQS,高二,20,物生地,女
DYMO,MSLBYABPR,高二,19,物生地,男
YPFW,DWSTXKPSZ,高二,10,物生地,女
GPNF,NCFHPNKVI,高二,20,物生地,男
OUZE,PXRYCLIEM,高二,18,物生地,男
FIHX,IZSFZWQRM,高二,20,物生地,女
TYXA,DHLGWVBWY,高二,15,物生地,男
CNSP,PCUDOGPCW,高二,10,物生地,女
KRGG,YKBXRBPNW,高二,20,物生地,女
GWDY,LHCTWGGPR,高二,7,物生地,男
HAFA,AEDUIUDOK,高二,7,物生地,男
QWQG,PQTWNYPXC,高二,20,物生地,男
UQBT,AILYRYKUF,高二,16,物生地,女
UDGF,DGGCWUZZT,高二,20,物生地,男
NFCE,RANCKUCIH,高二,11,物生地,男
MGTP,IXTEQKMDX,高二,8,物生地,女
YCYB,ETWKKRAZC,高二,13,物生地,男
VQVR,ESVHYALBX,高二,10,物生地,男
PQUS,EEJHDWIGP,高二,19,物生地,女
BQSY,CHZZUZXLF,高二,16,物生地,男
NDYM,QYCMUGAQS,高二,8,物生地,女
HVPE,BWZHMCHHH,高二,19,物生地,女
SIBG,DYWNVTGFS,高二,8,物生地,女
EXFF,XXYSFCHBP,高二,20,物生地,男
ZNOP,JJZMSBDIN,高二,19,物生地,女
FFYM,EFVQISHYX,高二,11,物生地,女
URMQ,XIAQCFHQG,高二,12,物生地,男
PHUC,EAIQRVLDX,高二,17,物生地,男
MGOM,PQBUNNQBA,高二,5,物生地,男
PDIU,XRWLXNVWL,高二,12,物生地,男
KXEM,VHXHAHERZ,高二,4,物生地,男
CXBZ,IQIHNXQWH,高二,7,物生地,女
QYSL,IBVCMJHEN,高二,4,物生地,男
PVLI,KIJPFXJRU,高二,5,物生地,女
NTWU,ODTGBEIFX,高二,12,物生地,男
NBNS,RHUSINGJU,高二,14,物生地,女
CPBM,APZGSUBQA,高二,5,物生地,男
FEWW,ELOEBYIZH,高二,11,物生地,女
AHGP,EXKTPMAWA,高二,14,物生地,男
ZMPR,OXTCWRMPH,高二,8,物生地,男
DKCY,HZSZGTPFX,高二,14,物生地,男
DFDX,ETUGSTPPF,高二,9,物生地,女
VKMT,UQYKTAPHU,高二,13,物生地,男
XUHE,FCDVGYDQC,高二,6,物生地,男
FVOI,ZOXBKZADT,高二,10,物生地,男
EXRW,CEGOWLYHM,高二,15,物生地,女
TLMX,WRCNDUCRH,高二,3,物生地,男
UWGC,WHAMBWEUE,高二,5,物生地,男
JNOY,MIFMWWIFI,高二,10,物生地,女
XZMM,IZONPCNFH,高二,2,物生地,女
RYOV,VQUUGASIW,高二,14,物生地,男
YRTE,HTJZQACWI,高二,8,物生地,男
SPQT,MREUCVFJP,高二,18,物生地,男
PIBD,GMWASYIBY,高二,3,物生地,男
CVTH,WTUDNHXUE,高二,2,物生地,女
MMPO,TIQDTHWHO,高二,16,物生地,男
BAQY,YRKHAGXOM,高二,14,物生地,男
NDDQ,KPYKOYDAP,高二,3,物生地,女
LRXN,YUVJKETOT,高二,19,物生地,男
XVKI,WKPSVCZAU,高二,6,物生地,女
RYAD,LRFKOZJZB,高二,8,物生地,女
SVLO,UQNWYHUKK,高二,19,物生地,女
OYEM,YUTDRCULW,高二,7,物生地,男
FCYC,QTHCHGQVZ,高二,8,物生地,女
AFCP,JKGVHRMOM,高二,12,物生地,女
IYUW,DPESPMLTI,高二,6,物生地,女
FKZE,PFHXTXEWP,高二,12,物生地,男
QBCJ,YLLTUUBOR,高二,10,物生地,男
QAED,ZICJNVRAS,高二,8,物生地,男
ASBV,LWOURIALM,高二,15,物生地,男
YQQI,YBOWCLPGR,高二,2,物生地,男
QJQL,QHRCHKREC,高二,10,物生地,男
FGJY,JVGTSSUQJ,高二,13,物生地,女
UCJP,BRKUSIPEV,高二,2,物生地,男
BKPX,VRFZLYCPG,高二,4,物生地,女
YFLC,YKCUTVXJW,高二,12,物生地,男
PEON,WSBLIDLVR,高二,12,物生地,女
SIYV,CVGMHKULB,高二,12,物生地,女
ZQVU,DRVUSYKRU,高二,19,物生地,男
ARDI,RWTTKSKJY,高二,14,物生地,女
AAQM,KFFHDFWKG,高二,18,物生地,男
SSRT,JVZOODWLV,高二,17,物生地,女
AFGW,CHOMZHVJA,高二,19,物生地,男
FTPE,ZWFVJEUKG,高二,20,物生地,女
QPUN,XOMILRKLK,高二,13,物生地,女
EUGE,PFZJZFVFF,高二,17,物生地,男
BAJD,PAVPNFOAX,高二,20,物生地,女
GGZS,LODASYSGD,高二,3,物生地,男
OJEW,KDBZVOCHO,高二,16,物生地,女
LSQR,QSYKCFWLD,高二,12,物生地,男
OMJZ,CJJESFKUK,高二,10,物生地,女
NSSB,ZJUHRGLDB,高二,16,物生地,女
XXJV,KEZNBWVDL,高二,15,物生地,男
COTJ,RPSCQNHVW,高二,17,物生地,女
BVJQ,FKPWEQWRK,高二,16,物生地,男
KCFQ,OVRIQWBNH,高二,10,物生地,女
LPTB,SOAHOQMCZ,高二,16,物生地,女
XZGK,BXKFKPARO,高二,2,物生地,女
PETQ,YLPEYHJIY,高二,17,物生地,男
QKIT,IFNTGZGWP,高二,7,物生地,女
STRH,WVIGDIFIV,高二,15,物生地,女
WYUB,FKZKKXUUM,高二,9,物生地,女
JKEW,XQOOMHIWO,高二,11,物生地,女
JFEK,ZQDSTGSCF,高二,4,物生地,男
NRCI,VXVRAJAHH,高二,8,物生地,女
HHHX,NUGPEJGXT,高二,18,物生地,女
QJEI,QXPDNHNBY,高二,2,物生地,女
BGUT,JRRLZNGZR,高二,18,物生地,男
ZWIG,ABIJWXTHO,高二,4,物生地,女
IDBB,NRBFJUVCW,高二,15,物生地,男
MDXR,AYJABBXBK,高二,16,物生地,男
OBWM,QTDVHOLXH,高二,9,物生地,男
FBRM,CMBZIFHCL,高二,15,物生地,男
MBVG,XCFVELLOE,高二,7,物生地,男
YAOW,XPYGEDKKY,高二,20,物生地,男
FLVD,IJBULXCBU,高二,3,物生地,女
ZJYD,NRKPTJZVQ,高二,17,物生地,男
WDYC,YIPQOHFBO,高二,9,物生地,男
HTCO,GHMCFWDZT,高二,16,物生地,男
KCKM,OYWHCIBBF,高二,4,物生地,女
XGZV,OFBNGZXQW,高二,19,物生地,女
GARP,TVRAXDNHP,高二,19,物生地,男
XFOB,SDKIMXELZ,高二,8,物生地,女
VGMH,RWAJGIXNY,高二,2,物生地,女
JPAO,EJETUTTVA,高二,5,物生地,男
JJOI,FYESNKYDE,高二,13,物生地,男
JQPQ,ECLALIKBQ,高二,20,物生地,男
UTXT,XQASGUQLS,高二,14,物生地,男
XUCR,PHWRQVHOG,高二,11,物生地,男
GORY,ZTSBSCOVO,高二,9,物生地,女
ZSMG,TQARWMQMU,高二,17,物生地,男
KTXC,YNVLVRTHY,高二,14,物生地,女
BFZL,RNQWAITTN,高二,5,物生地,女
KBJB,CKULTVDXT,高二,10,物生地,男
KIPF,KAJWPRZHL,高二,10,物生地,男
DIMU,VZHKMLODF,高二,3,物生地,女
BNEZ,ZUSBDYVIR,高二,17,物生地,女
BPQA,ODCFSBYNN,高二,5,物生地,男
DQJA,YCWBLGVBK,高二,2,物生地,男
ISIX,WYNKUHJZL,高二,10,物生地,男
ZVWO,BIUNIAXVU,高二,13,物生地,女
CQYJ,MBNLEJAGZ,高二,9,物生地,男
PVXK,GFDUOUTKQ,高二,14,物生地,女
HHCQ,QCRBBTKBA,高二,13,物生地,男
CPQI,JXAZNPZFB,高二,6,物生地,男
AABU,TWHWHPOVJ,高二,12,物生地,男
OBQQ,ORLOVFIEN,高二,10,物生地,女
NDOF,YCHVBYLSB,高二,7,物生地,男
VEHH,YRNYJOXUV,高二,11,物生地,女
BJTZ,ETQCIVSVQ,高二,19,物生地,男
NYQK,OUVBZFEBF,高二,9,物生地,男
MTDM,EPQDOBQLD,高二,11,物生地,男
NKAP,KGNFBILVG,高二,2,物生地,男
HSPB,ZPPJRADQL,高二,16,物生地,男
CMYK,ASLULVXHB,高二,16,物生地,男
AOYL,SSIWIIZWC,高二,13,物生地,女
IPNZ,DIPQSOJKA,高二,8,物生地,男
LOIP,RDNHBPBSG,高二,2,物生地,男
PZWD,QSJRBCRBD,高二,11,物生地,女
GMKR,DMEMSUQWO,高二,7,物生地,男
SBHD,HQAEBWSRS,高二,12,物生地,男
XNTD,OLJMBJWGI,高二,18,物生地,女
CKVP,RJMFHQXUK,高二,6,物生地,男
DDEL,VKCXSBFVR,高二,12,物生地,男
JORQ,LNUEBEPYF,高二,17,物生地,男
XCJK,XWGLOFRVO,高二,14,物生地,女
IQZZ,TQZBFVHAA,高二,6,物生地,女
QPIN,ZKRYNRKNN,高二,17,物生地,女
XOQL,PFRISCOYW,高二,2,物生地,男
VUIB,SWVYDILUS,高二,8,物生地,男
CJGN,HOPQUVBAI,高二,17,物生地,女
TQQL,IXHRMMCWM,高二,4,物生地,男
DFEW,VTXTTFEJH,高二,8,物生地,男
OIOA,HITYTMOWE,高二,13,物生地,男
NMGM,HRTHZXVWJ,高二,15,物生地,女
KRCE,VQYWYYOCQ,高二,11,物生地,男
ZMOA,GTQUMTLNM,高二,17,物生地,女
YXVU,EOLHUIYLE,高二,8,物生地,女
OFYQ,HYKDZIIWG,高二,14,物生地,女
AYPC,DKBIBJKXX,高二,13,物生地,女
GHHG,GIEICWKCO,高二,14,物生地,男
ZFMI,TVDGDMRYW,高二,5,物生地,女
LZRC,FCYTOLITT,高二,10,物生地,女
OKLY,RKNTINXNZ,高二,8,物生地,女
GHBP,XUVETWQUX,高二,15,物生地,女
DJJZ,TCINLCFNV,高二,20,物生地,女
FRRU,TEPLFZTYF,高二,6,物生地,女
EGOF,ERTPOMWSZ,高二,5,物生地,男
CLUI,FIUEDKLLT,高二,10,物生地,女
UOIV,FRTHGMHAL,高二,2,物生地,男
WOVX,INOZKEWQM,高二,6,物生地,男
DMRA,KJNHXHAYZ,高二,5,物生地,男
PWZS,LWQQEAITB,高二,5,物生地,女
BWPF,GQUWOOUFH,高二,19,物生地,女
DNCN,PETGLPMYY,高二,8,物生地,男
VFYT,PYDASAGWB,高二,10,物生地,女
EMCF,KRLDERQBU,高二,11,物生地,男
FVWN,GPXHOUJOV,高二,8,物生地,女
NRMF,NLYXZADYT,高二,9,物生地,男
TZGP,JYCLUCTBX,高二,10,物生地,女
LZPO,RVWTEBNKC,高二,4,物生地,女
DLTV,WUVPQTEUY,高二,15,物生地,女
FNBM,EJCANTJVH,高二,8,物生地,男
NVWT,WVZXTMVMA,高二,5,物生地,女
YHJS,XTWPWOONB,高二,8,物生地,女
QVHB,ZQBZXIDID,高二,8,物生地,男
CXSE,VJDYCGTOT,高二,15,物生地,女
RWQY,XTHGFYGCD,高二,9,物生地,男
UCKW,NJGLEPFHA,高二,17,物生地,男
BEXZ,GKQGMCQRT,高二,10,物生地,女
BPMI,CJKLYLYTL,高二,5,物生地,男
AEXG,BRJYPBEJB,高二,12,物生地,女
RRJX,EAHJZAEYJ,高二,13,物生地,男
JJMD,STLRSUBFQ,高二,3,物生地,女
AWBQ,OBEQOVNED,高二,3,物生地,女
BYUI,LILWGDMZS,高二,15,物生地,男
