JBMT,CDICSHOFN,高三,13,物化生,男
WHZB,CLAWZINKD,高三,17,物化生,女
GOOX,FTGPSYHJI,高三,9,物化生,女
MOBH,KOAGNTUPN,高三,12,物化生,男
UXRB,IRHLCLNAG,高三,11,物化生,男
SNBE,VGAZVWISB,高三,4,物化生,女
OWHG,LXSRTRLEH,高三,8,物化生,女
FEHL,XWWZTMPQE,高三,12,物化生,男
KCDI,BSWUUNMHI,高三,16,物化生,男
GMXU,QOLHRHXKA,高三,8,物化生,女
QFHC,IWYCHPTDJ,高三,7,物化生,女
XGEQ,AFOCURQMR,高三,18,物化生,女
IFVD,UJENPVTSL,高三,16,物化生,女
QMJY,DFPAJKMKE,高三,5,物化生,女
TJNO,PBRDGZTBX,高三,18,物化生,男
TAQT,VKZNAKUBD,高三,18,物化生,女
ECYR,RMSCKMPKB,高三,8,物化生,男
BBZZ,RZXJWHBKU,高三,12,物化生,男
LCYR,FXHFQFJSY,高三,6,物化生,男
BJBU,ZGPDETYNQ,高三,11,物化生,女
ISMD,JFUVGGXEW,高三,2,物化生,男
IDVC,LGLDNOJQS,高三,8,物化生,女
CMJO,ONLVGLRVN,高三,3,物化生,女
IEKR,NIFWAGHKI,高三,2,物化生,女
ELZV,CRSNNHXJJ,高三,15,物化生,男
KNGD,ZVIJBAZEN,高三,17,物化生,男
ZHSF,ZCECKRKVQ,高三,10,物化生,男
ZTCZ,DMIZMBUNC,高三,2,物化生,女
AZZL,LXZRBCTPA,高三,13,物化生,女
VHOJ,NSJAKNTEQ,高三,13,物化生,女
XLCE,IJPMLMGII,高三,4,物化生,女
QKTM,EYMCZOSXC,高三,17,物化生,男
JECJ,OVJQKBZGI,高三,14,物化生,女
PJTA,RUPSBCAMM,高三,13,物化生,男
MNFD,OHFRSPJCJ,高三,10,物化生,男
QJJB,PIDLYMPPS,高三,14,物化生,女
QAZS,WEYDHUOFS,高三,4,物化生,女
WVOP,KNRFFPIVG,高三,18,物化生,女
VQHE,PJTJOCBWB,高三,15,物化生,女
SOUD,VIIIJJPVP,高三,16,物化生,男
LDJE,PTKWOUOPA,高三,19,物化生,男
FTHW,SQIKRNKAK,高三,10,物化生,男
GMGW,LCOWCFUEH,高三,16,物化生,女
FMVG,HUYRMOBRT,高三,10,物化生,男
APXU,XRJPCTIAE,高三,3,物化生,男
PTVC,UEJLOCUBD,高三,19,物化生,男
ICEP,GUMXHRDMF,高三,7,物化生,女
HMNO,PGLZGHNYM,高三,6,物化生,女
AQSG,HDCCMUUKG,高三,17,物化生,女
ZYLG,VKYJNCBWD,高三,17,物化生,女
EJND,JWEZIHWLS,高三,19,物化生,男
LLBH,MRGDCGBPH,高三,3,物化生,男
HAJW,HSJSUFUTJ,高三,4,物化生,女
NGVO,BAEZTEILZ,高三,9,物化生,男
MHTW,ZIUUCPTQM,高三,3,物化生,女
IRVF,HJQOYGONZ,高三,20,物化生,男
BYMY,SENRQNJWA,高三,3,物化生,女
HBQN,WDSTUMXVW,高三,7,物化生,男
JXZG,QRJUJASER,高三,5,物化生,女
XSFR,MVQOORKAH,高三,2,物化生,女
SRJD,JUFREGQME,高三,2,物化生,女
CEXW,AKJYNCITM,高三,8,物化生,男
DKKS,KCRSTHYXN,高三,2,物化生,男
VBDN,RTGNJTRGR,高三,9,物化生,男
QMET,ZXPGAFRFA,高三,7,物化生,男
ZGLM,OYJRKJPCB,高三,19,物化生,女
UNKL,SYBCQLYVI,高三,13,物化生,女
IUVN,ZTLPUZLCY,高三,3,物化生,男
JXDB,ZJKVNKEBK,高三,3,物化生,女
FLZD,AUXDUTUEU,高三,17,物化生,男
LKYS,OEVFINVAI,高三,7,物化生,女
LMYZ,OOWGKLUIK,高三,12,物化生,女
HVLV,JRXWSBJIT,高三,11,物化生,男
NNXK,FNVIUPBYL,高三,9,物化生,女
JIYC,VXOTHYSAC,高三,14,物化生,男
OZTM,PCKPBMDGH,高三,8,物化生,女
DIVA,UVPWSAQVM,高三,15,物化生,男
BACE,IHIQBVNYD,高三,20,物化生,女
LVFU,ITIXNYZEW,高三,12,物化生,男
OABU,ZOUERRMCR,高三,8,物化生,女
TXWY,YSWGCOXFZ,高三,12,物化生,女
WMXI,NLBUHLCRK,高三,10,物化生,女
OWTA,AGBOBSLAV,高三,12,物化生,男
XWLC,IBOBHZMDJ,高三,16,物化生,女
EKMP,BHPIVJIZP,高三,16,物化生,男
JATH,JTVJTVNNN,高三,13,物化生,男
UUAO,FPOVRZUAU,高三,19,物化生,男
URSG,XEATBMMXN,高三,6,物化生,女
FAPJ,GGZWWFPQP,高三,3,物化生,男
WKLM,AEDOKGEIA,高三,9,物化生,男
DFBI,FKQOHFYRA,高三,12,物化生,男
NZMV,XTAGHSORB,高三,11,物化生,男
NBXY,WJTDLGJKH,高三,18,物化生,男
UUVG,YWAHFATBQ,高三,18,物化生,男
NMGC,MZZTTXBXF,高三,20,物化生,女
ZBUT,LYQGOKHPZ,高三,18,物化生,男
WUCZ,LPNQTQZXG,高三,13,物化生,女
AJUG,BBBAXNHGF,高三,10,物化生,女
FOFG,UHSNQKVHX,高三,14,物化生,女
HWKL,LOMSZBDMD,高三,5,物化生,女
NEOU,TPDQDLOLE,高三,2,物化生,男
LXCA,NCHRSEIYW,高三,12,物化生,女
JTYE,XDIIORDOL,高三,9,物化生,女
MWUR,IGGOWPARQ,高三,19,物化生,男
TSBV,OPBVHJJRD,高三,19,物化生,女
UOBD,AHGSVBQEY,高三,11,物化生,男
ZGIQ,EJBSCVZKP,高三,14,物化生,男
PQIM,KJSRQFVSU,高三,19,物化生,男
MILV,VZKUNZDXA,高三,19,物化生,男
ZPWT,PMQSEESJR,高三,11,物化生,女
KYTN,WRIJLZAOE,高三,5,物化生,女
HBSD,TVBKFXQCM,高三,10,物化生,女
CBZX,GVIFIGQEM,高三,13,物化生,男
XDMB,WTWDMQZWM,高三,10,物化生,女
EPVB,JXSEENTGK,高三,11,物化生,女
PDQX,DQYSVAMMJ,高三,9,物化生,男
PQKR,JJXQVYZPS,高三,18,物化生,男
GFQN,JOGVNCCAP,高三,19,物化生,男
KDQZ,EBJBNZNTC,高三,19,物化生,男
NSBX,NMECBWIJC,高三,8,物化生,男
FRCB,VBYEPQMDD,高三,8,物化生,男
JWFB,HWCGZJXSN,高三,8,物化生,女
ERWD,NVGOGKMRT,高三,10,物化生,女
YQER,NXHWFAGEJ,高三,19,物化生,女
QIMX,FAUTZKBBK,高三,7,物化生,男
YFBW,TEQBONAYK,高三,4,物化生,女
JPAN,NTZLQFRIG,高三,9,物化生,女
GFHD,VYHUYYWUY,高三,7,物化生,男
GWHP,FLEBPDCBX,高三,14,物化生,女
HQAF,DQZVHSHQV,高三,15,物化生,女
FIPC,LCOAJYCNB,高三,8,物化生,男
NFHV,KXYGCZKCJ,高三,11,物化生,女
UTHC,DBKRWJHWS,高三,13,物化生,男
BRQR,ASJSVKGCQ,高三,8,物化生,男
PXRP,LGYZAPOPU,高三,6,物化生,男
JFKC,GOJYVAZCC,高三,16,物化生,男
YTIJ,LVDLOUOHI,高三,4,物化生,男
RGDK,OSOXLWBAU,高三,10,物化生,女
QPQS,BVGHQBXYR,高三,11,物化生,女
EKWW,NYCFUKKTO,高三,7,物化生,男
AOIR,WRAGRPHUP,高三,9,物化生,男
GIPG,IAWIGAEYF,高三,7,物化生,女
PXYO,PGAKXESFJ,高三,16,物化生,男
GRHT,EXFQNODTC,高三,15,物化生,女
BICW,WUCREVOMM,高三,3,物化生,男
FGSO,EJRWZKZGS,高三,4,物化生,女
GTNI,PTCBFQPPQ,高三,8,物化生,女
EGGI,WGJWCDDLJ,高三,5,物化生,男
OVZA,ZWCVRGQJH,高三,15,物化生,男
KLJK,NAGAZIZZE,高三,13,物化生,女
KQLX,WZFQSABME,高三,3,物化生,男
EOSQ,CIFRHRNUZ,高三,13,物化生,男
AZMY,VWEKEYEYG,高三,18,物化生,男
BNMH,PMJSSHKCI,高三,3,物化生,男
XEMH,LJPYFIJIZ,高三,9,物化生,男
XWPP,ATGKGBQDB,高三,2,物化生,女
AVNW,VNSXQCOSB,高三,10,物化生,男
DNWW,GTKBFOTZU,高三,4,物化生,男
MHUZ,NVDPLLECQ,高三,13,物化生,女
VCQX,WDXLJFONL,高三,10,物化生,女
TMKH,XQFROQXTZ,高三,17,物化生,女
UGFD,XAPYZRBWS,高三,16,物化生,女
KJGB,JSRULMZRP,高三,17,物化生,男
APOO,ABTZTHHRC,高三,13,物化生,女
THRM,WBICOWSFP,高三,17,物化生,男
HTAX,ANMGVHNGK,高三,2,物化生,男
CRYK,ABJKMLZFG,高三,16,物化生,女
VRZQ,WNYSYKYJD,高三,10,物化生,女
IXFC,IQRPOPIXD,高三,5,物化生,女
VTCH,KARNOLWIS,高三,16,物化生,女
GJPX,RKMLGZZPS,高三,4,物化生,男
JCQW,BGCUXCUXK,高三,14,物化生,男
CNWC,QPIHRNRUH,高三,20,物化生,男
FFZN,XWEBLWFFS,高三,6,物化生,男
TZRG,FEUSZJOLY,高三,4,物化生,男
BDKK,OYMMZMBII,高三,20,物化生,男
KOLE,BNTNOSXQI,高三,15,物化生,女
VEJQ,TBXEPDFHW,高三,17,物化生,男
KDFP,AMFSFTQSA,高三,17,物化生,女
VGFW,YKJINNUGR,高三,5,物化生,女
LVAC,UNUUELXFJ,高三,18,物化生,男
IGTX,BEEINHMZO,高三,9,物化生,女
KYQQ,UUPYZVGDA,高三,2,物化生,男
WIQQ,CKQISCESY,高三,4,物化生,女
AYDF,LICZODPVI,高三,17,物化生,女
KDCV,QNEIANXDF,高三,5,物化生,女
OOFM,MBDOYXPEA,高三,14,物化生,女
BAFZ,PGTTSSRTJ,高三,5,物化生,男
LDNT,HWJNOVDOI,高三,2,物化生,男
OOSD,NLZKTEHWK,高三,10,物化生,女
LJKI,XKWBQQECZ,高三,15,物化生,女
DDRO,YWHRTHYJT,高三,10,物化生,男
ZLOI,DOZYZJEOV,高三,19,物化生,男
VVOD,GPYFANTKA,高三,11,物化生,男
XQIS,CCLGHZDWR,高三,6,物化生,女
YBZI,XOFNJAOAY,高三,14,物化生,男
AMRY,AMEFYNZGS,高三,20,物化生,女
LRKE,IAHTEVNUB,高三,5,物化生,男
WCDQ,EXGYXQYSG,高三,17,物化生,女
QZLY,XQROIYLBK,高三,7,物化生,男
DEMS,DYDXBMLQK,高三,3,物化生,男
ISSQ,HSFWEXVJK,高三,8,物化生,男
SMIV,IBWYNAYTS,高三,16,物化生,女
LPBY,GVPENKQLM,高三,13,物化生,男
FWES,KNNSVUEPV,高三,4,物化生,女
FONN,OZIELMYWG,高三,5,物化生,男
WVUL,NWEFXPYJI,高三,6,物化生,女
ATKJ,SAAQZJAZL,高三,6,物化生,女
EJZT,YECDUBZSL,高三,14,物化生,女
RHQI,GIZEJAYJM,高三,9,物化生,女
ZLBN,OUVVIBUUU,高三,15,物化生,女
STCV,DXKHISVVT,高三,6,物化生,女
VCZV,DRSZYYJFI,高三,4,物化生,男
ZJKU,PGGHDHSXE,高三,10,物化生,男
CETX,HSHYVXKDB,高三,3,物化生,男
ACKN,XZAHAOFUL,高三,3,物化生,女
JHXR,VDJUYKNMS,高三,19,物化生,男
PFZQ,DHDTTZRJT,高三,17,物化生,男
OSXP,LQFJNMHWK,高三,3,物化生,男
OPPS,HFOICSRLT,高三,15,物化生,女
AEWX,ZBGKZOYHK,高三,13,物化生,男
CWNU,OOJYQBMAU,高三,4,物化生,男
FEQO,ETVKXZPWT,高三,7,物化生,女
VVZY,HBXIULLGC,高三,19,物化生,女
DHQF,XYEYEUFSB,高三,19,物化生,女
XJXQ,ATNDDIGBR,高三,20,物化生,女
LMZV,HHRLRAWAQ,高三,19,物化生,男
NKWM,ZXOFTOKGN,高三,6,物化生,男
XOGP,ADWQMHEKO,高三,13,物化生,男
IFOC,DRIXNQSXH,高三,13,物化生,男
JENY,JAAILVUBI,高三,8,物化生,男
MWXG,RIGNEUOYM,高三,3,物化生,男
WEAC,TELRZEGBS,高三,17,物化生,女
DXRW,MEVRXODPB,高三,7,物化生,男
SEPI,OCMWKQXJO,高三,5,物化生,男
MIQK,DRQLKVEKD,高三,14,物化生,女
OXRP,ZZUSKFHPF,高三,13,物化生,男
NVRC,IRTSXCPET,高三,6,物化生,女
RFSN,OZEMUGWMM,高三,18,物化生,女
CUSU,OOFZXMBPJ,高三,7,物化生,女
DWEC,NVDZWMTFI,高三,8,物化生,女
WJJL,LMLYYMSJK,高三,19,物化生,女
BCXP,EHSVBKAYD,高三,19,物化生,男
TMQF,QUXXRUEDY,高三,9,物化生,女
SLAU,ORVROZTWF,高三,2,物化生,女
KCCE,GGWKJGHQH,高三,12,物化生,男
KFEE,BKIOPZXTV,高三,2,物化生,女
SHUQ,ESJIGWFCB,高三,6,物化生,男
UTJQ,VDVVWIKNJ,高三,18,物化生,男
BWZP,JXOZHSAEJ,高三,15,物化生,女
THIW,HCMCXJYRJ,高三,17,物化生,女
XOSE,BXDRHEEFJ,高三,3,物化生,女
FWPT,XJUJAMVRJ,高三,9,物化生,男
CCDQ,KACXJUCZZ,高三,6,物化生,女
JTMF,MHEMDKPYK,高三,9,物化生,女
TXOB,WKCDYOXMJ,高三,18,物化生,男
LKHX,PYLSLERJL,高三,14,物化生,女
CGKZ,SUJAMUKDK,高三,2,物化生,女
EHTI,WPNZSWYTL,高三,12,物化生,男
JQTX,NGOOTMIJL,高三,13,物化生,女
KGIO,ARTBTOMZS,高三,2,物化生,女
CSGE,YTPYKPJMJ,高三,18,物化生,女
YEQD,TSAGOFBLB,高三,10,物化生,男
MBCZ,WPPDNEEWO,高三,3,物化生,女
RPDD,DZLLKPVTM,高三,4,物化生,女
KBAT,XLIESOMOD,高三,2,物化生,男
HTYU,BVQYYMBHH,高三,12,物化生,女
JVID,AWTYFTKWU,高三,3,物化生,男
OXJO,PIJGXFTFV,高三,17,物化生,女
IDXV,WWBRMJAQY,高三,6,物化生,男
JIPP,BTXZQZVGV,高三,10,物化生,男
QWES,RUQHOPPTE,高三,17,物化生,男
HKZA,JYBUPAOBF,高三,18,物化生,女
RWJZ,EBLXUXYXT,高三,17,物化生,男
VFJH,JLABHVXCH,高三,20,物化生,女
IHFS,WLIYAVBYE,高三,14,物化生,男
DCDR,SVJDQOIYP,高三,8,物化生,男
KOME,XONNOWZLX,高三,9,物化生,男
YHNC,ARWYUBETV,高三,15,物化生,女
WPBP,PUYPDGMRY,高三,9,物化生,女
AMIV,LKLQYNWXU,高三,16,物化生,男
BEZZ,BOLMJJNFZ,高三,14,物化生,男
XHKL,BLQKVHONN,高三,9,物化生,男
NQXA,IWJTMEBJE,高三,15,物化生,女
BPLW,JHQXJFGIW,高三,8,物化生,男
MUMK,LZMQVMGMJ,高三,13,物化生,男
RPMY,QYMAXJITX,高三,2,物化生,男
TCKN,JVFURERXB,高三,20,物化生,男
NBUZ,LXEGNMOHQ,高三,6,物化生,男
HGGF,IGDLHILVT,高三,3,物化生,男
DKOQ,JSZPOXQER,高三,6,物化生,女
VREZ,KQIHKUFTT,高三,6,物化生,男
QGCT,JJXQUQICF,高三,5,物化生,男
EQIQ,NLZSDAVGV,高三,12,物化生,女
VOFQ,ADFQMCMYK,高三,13,物化生,女
PFQT,LEVZDJBWZ,高三,14,物化生,女
ISSF,GRFAJJUVW,高三,18,物化生,男
BWUQ,QIMTLNGAG,高三,19,物化生,男
HBYS,XWHASNIJT,高三,4,物化生,女
SRTF,EENHSKZBS,高三,11,物化生,男
PWPO,YXMCBLLBR,高三,9,物化生,女
SYQE,HGIPGIXZQ,高三,18,物化生,男
UDIU,SEOKJNFSA,高三,16,物化生,男
IMVE,NDXPOMGJG,高三,9,物化生,男
KFMN,SOBMPVFTR,高三,3,物化生,男
FSGX,MOYLUDGWY,高三,6,物化生,男
SCZR,YOLSIVSUK,高三,2,物化生,女
RDUU,JIZJHVZSC,高三,4,物化生,男
FNAQ,TIDYQFVGA,高三,9,物化生,男
QXKF,MSVJNIVVZ,高三,2,物化生,女
ZXIN,HSVOWNRYR,高三,9,物化生,男
DHSO,CEHRDEFXG,高三,18,物化生,男
OUIK,DAXKOSZZB,高三,10,物化生,男
BQWH,BPCUADZOO,高三,15,物化生,男
NZBU,PUXNBWNKI,高三,20,物化生,女
HKAU,MWOAYPHSQ,高三,18,物化生,男
OPZU,JQOGFMIBH,高三,19,物化生,女
DJRO,URFCPEZSN,高三,10,物化生,男
IOLA,TSMWLEYFB,高三,6,物化生,女
VULK,NMAPPSZJW,高三,14,物化生,男
RABP,UJOGKYVCH,高三,11,物化生,男
AORP,TSZRHDKTS,高三,18,物化生,男
USDT,YLZLSYOVD,高三,7,物化生,男
ZYPA,KFKSGLOFP,高三,13,物化生,男
PVKH,HALEDNFNR,高三,5,物化生,女
PVWN,OCENCVZTT,高三,8,物化生,女
UVEM,SNKLIDFNS,高三,5,物化生,男
BHMC,WZSFDTWML,高三,15,物化生,男
HZBA,RDNBADJHU,高三,2,物化生,男
要课程DVO,11451,高三,11,物化生,nan
DPEM,114514,高三,12,物化生,男
朱飞宇TLP,1919810,高三,14,物化生,男
ztx,1919810,高三,19,物化生,女
