PHYU,TRGFKFXBY,高二,7,历生政,女
IMQU,LDVJPNILN,高二,10,历生政,男
KOWL,RTCEGARKW,高二,19,历生政,女
UDNO,TKUJOWVKS,高二,12,历生政,女
PVUC,LDBLXNXPM,高二,4,历生政,男
COIM,PYWZBUWDL,高二,16,历生政,女
LMQS,AIOWZRBDM,高二,16,历生政,男
JZMS,RJRLPCGIL,高二,4,历生政,男
PRZQ,AHAMURAII,高二,12,历生政,男
IPMA,KIQDGTIBK,高二,17,历生政,女
TDDC,JAYQUSMHG,高二,11,历生政,男
BVHI,HJAGPZCQY,高二,10,历生政,男
GNJJ,PWSUWZMSN,高二,5,历生政,女
CDFY,AMLALXYRI,高二,12,历生政,女
MWRW,NEHMHTONC,高二,2,历生政,女
TSDA,EJIZJJJQC,高二,16,历生政,男
KGMV,XFROXQRNT,高二,9,历生政,女
OYQH,YUKDLVPSL,高二,16,历生政,男
MTQW,BMPSXDQPF,高二,14,历生政,男
GFYI,DZVCJRILH,高二,11,历生政,男
CAIS,MPUOYKMGN,高二,14,历生政,男
VTVH,ACEIWJQBE,高二,17,历生政,女
XBZV,NYJLYRCGZ,高二,15,历生政,男
OROO,GKLFWBAUB,高二,16,历生政,女
TVJF,KLAPWDOGL,高二,6,历生政,男
DTEG,EQKOVKTMI,高二,4,历生政,女
OSKJ,NXOIUDJNN,高二,14,历生政,女
ERJY,EYPWVYYEA,高二,8,历生政,男
NNGL,HBSIZEUAY,高二,11,历生政,女
GSSH,OEWXBCUUL,高二,20,历生政,女
GITX,ZAJAEFDYX,高二,16,历生政,男
XZGF,MXSDHJILC,高二,4,历生政,女
YWAW,ODUQGCNWS,高二,20,历生政,男
JLYZ,AXMESSUEV,高二,12,历生政,女
EGKX,ORGBISHGZ,高二,4,历生政,男
PYSP,PFQXJXNAG,高二,17,历生政,女
XEKD,TLKAUMTCI,高二,17,历生政,男
XARM,TNJGDOMHY,高二,19,历生政,女
FEQD,ZQBYTABXM,高二,13,历生政,男
QKXJ,PONPNZVVT,高二,6,历生政,女
SFLK,YEEZMUWNL,高二,4,历生政,女
QJWN,LSPGBIFJT,高二,6,历生政,女
TWWF,SMTLRGUZO,高二,19,历生政,男
GZIN,RWRMKOEWK,高二,5,历生政,女
HWTX,MGTUCIEGM,高二,14,历生政,男
JSCJ,LSGOLNCLZ,高二,20,历生政,男
UBPA,BMHVGFTKW,高二,15,历生政,男
EWNH,CUSWPAXTE,高二,18,历生政,男
CBSK,CHLKQAOPU,高二,6,历生政,男
UILH,FAIDMRXWG,高二,19,历生政,男
XSDU,SBHDVQLRL,高二,4,历生政,男
DDSL,QLUVAPKUX,高二,5,历生政,男
AMCR,ANESLCQHL,高二,13,历生政,男
ZFIP,SWGUHLAMP,高二,20,历生政,女
TQQB,YTKDAUBQA,高二,6,历生政,女
GPBF,SDVCFNOLH,高二,6,历生政,男
IGCQ,PABUKUSNA,高二,13,历生政,女
TYXE,PNXUWMCDK,高二,14,历生政,男
FJHG,HCKAAOJKW,高二,15,历生政,男
YAHX,LYZJSYBVH,高二,12,历生政,女
MWJM,IKLWWNJIN,高二,10,历生政,男
ASKG,TDCRXVVNN,高二,10,历生政,女
NAPL,UHNPLONXW,高二,18,历生政,男
WCJJ,BPGWDERYB,高二,12,历生政,男
TLTQ,PEYCMCZKH,高二,18,历生政,女
QTRO,SGVCXPPMD,高二,10,历生政,男
GZAM,EBRNRKDXK,高二,20,历生政,男
SUIN,FAFUJUPJZ,高二,11,历生政,女
CYST,PBZKGIEMF,高二,19,历生政,女
HPKL,GBPOBWXNR,高二,4,历生政,女
TZLI,GFOFXHHPZ,高二,6,历生政,女
EVFH,NVGHGQUUC,高二,19,历生政,男
TVSJ,QWXCFPQUX,高二,15,历生政,女
BTKZ,FYKNVLHSJ,高二,11,历生政,男
TMNK,UTEXIQGZC,高二,10,历生政,女
VABB,FKDZSYRMY,高二,5,历生政,女
JALE,BLDHTEOZS,高二,9,历生政,男
UIZT,NICZMMTLB,高二,6,历生政,女
LJPZ,EQGGXRONV,高二,18,历生政,女
GHZT,HNTKMUBPO,高二,16,历生政,男
RQHV,ORULUCJJV,高二,17,历生政,男
YNSJ,NWCPVKEGN,高二,4,历生政,男
IBJU,ODLTSCZQE,高二,5,历生政,男
BLUS,CDEWOJBAL,高二,10,历生政,女
EJTY,KJDLVOJQZ,高二,2,历生政,女
JYNQ,WRUYPRSCO,高二,7,历生政,女
HGPY,WJOVZQZXD,高二,11,历生政,男
USVA,ELKGJYOLP,高二,8,历生政,男
GLZD,LRVFZQYNW,高二,17,历生政,女
HFED,ROVCGOPEK,高二,11,历生政,女
HGAU,PBQYPQKFP,高二,3,历生政,男
ZFCH,UWKMILAGR,高二,6,历生政,女
LGKG,TASQYIVYS,高二,16,历生政,女
WXAP,SIHLCGOEZ,高二,20,历生政,男
XVWB,NRGVOJLQV,高二,5,历生政,男
NNUH,SVBYYNBIB,高二,4,历生政,女
QYME,LYMTAJSZC,高二,9,历生政,男
AAHS,IONCWOXNM,高二,2,历生政,男
TCSN,VTXGGOMKG,高二,4,历生政,女
VSII,TBQOBHXQJ,高二,9,历生政,男
AMBM,HRQDDMAEU,高二,17,历生政,女
KTJS,UZFFMCVHD,高二,20,历生政,男
QTPV,BQTRJYONC,高二,17,历生政,男
TRJU,YYNPSMMMA,高二,6,历生政,男
QFSI,CZQJOJQQP,高二,13,历生政,男
OKDV,DANEAMQOT,高二,10,历生政,男
PWYR,VNJGKCZTQ,高二,11,历生政,男
GIZU,LVHWTEAVW,高二,5,历生政,女
VBLB,OOFNHNUZC,高二,9,历生政,男
UBGW,JCHQIRFVP,高二,7,历生政,女
KADB,XJJDHVSFO,高二,17,历生政,男
AFZR,SVUJUVJWC,高二,9,历生政,女
XWMO,GOVULLZFE,高二,9,历生政,女
MHSC,HSUBCYRKO,高二,2,历生政,男
PFWY,CRVEARRYT,高二,2,历生政,男
QGAV,QHWSGCQZS,高二,5,历生政,女
BZJA,IKSTEPTOB,高二,20,历生政,女
GOXR,DSFEAIIZM,高二,12,历生政,女
FDIL,UQJJGCKEE,高二,14,历生政,女
NPOM,RBWFWTSDZ,高二,6,历生政,男
POIS,HCJDOMXIJ,高二,2,历生政,男
QJJS,GSLVWPZIH,高二,5,历生政,女
LWFD,JAVZVVWIR,高二,11,历生政,男
RYYN,SYZJTKWAA,高二,20,历生政,女
MVLQ,YJMPZGDNE,高二,6,历生政,女
SRMH,LTABOFRUC,高二,16,历生政,女
XJCS,SVCOTGEUN,高二,2,历生政,男
TZFR,XJGIDWPKO,高二,17,历生政,女
RZPS,XLHOAXGOZ,高二,6,历生政,女
CFCC,EIFLYOOGM,高二,3,历生政,女
STAY,ZLCOOSYLK,高二,2,历生政,女
ZVFI,LYVCPJQVA,高二,9,历生政,女
XCQB,WUBOICPFR,高二,9,历生政,女
IEBA,RPKCVZNWQ,高二,18,历生政,女
PZKL,PPSLJQZZT,高二,20,历生政,男
SEEW,ETOICMUFG,高二,8,历生政,男
EJYN,MCBQYCXNE,高二,16,历生政,女
WEZR,VOXCTEZTM,高二,14,历生政,男
MXDM,BBQHCDIOL,高二,14,历生政,女
NFQY,EQSXPTJAF,高二,8,历生政,男
AWOH,KFKYVRZPB,高二,20,历生政,女
LWHR,THEWRAHEQ,高二,6,历生政,男
QGVT,YMLQUQSPT,高二,14,历生政,男
ZZCD,SPBILNYQI,高二,19,历生政,女
EVSF,ZWIIYUOSP,高二,10,历生政,男
JDVH,MWWFUWHZI,高二,5,历生政,男
FPVS,SSNVRIDCT,高二,14,历生政,女
MNLC,SWYGGLLBQ,高二,19,历生政,男
UWNN,QQOWAZBKA,高二,12,历生政,女
PDAE,ZQLYREDEC,高二,16,历生政,男
ZFGE,TAOBXYZDN,高二,16,历生政,男
INZG,WFQCMLNSJ,高二,9,历生政,男
ILNX,VZSQSMHZG,高二,3,历生政,男
SHOM,BDICOMCJO,高二,14,历生政,男
MKSI,WYAKYLISS,高二,3,历生政,女
XGNQ,PVODODTCC,高二,11,历生政,女
AHQG,UCVUEEXFN,高二,6,历生政,女
NXAT,TTENGQGED,高二,6,历生政,男
TPXW,JAKONZDPT,高二,7,历生政,男
PLDS,YDLKXZYGD,高二,11,历生政,女
YXUF,GJXZHINHP,高二,4,历生政,女
CANN,WUSWZFSDK,高二,14,历生政,男
SEBA,KDDXXUHUT,高二,19,历生政,男
UVSP,DYVXXUENR,高二,18,历生政,男
AETV,BSBMMVLPE,高二,17,历生政,女
YUCZ,HKWPXFNVG,高二,13,历生政,男
JJMU,EVUFESTJY,高二,14,历生政,女
ETKX,YHRZRCAEC,高二,8,历生政,女
LZYB,TZHNORMSM,高二,9,历生政,男
XNIE,INRFZJVSA,高二,13,历生政,女
HHUE,HWJWUCIXX,高二,6,历生政,男
MSBL,MLHTMTWRF,高二,6,历生政,女
XHLP,BBFUPBBRZ,高二,4,历生政,男
EXNP,HUSTMQKZQ,高二,16,历生政,男
NOYM,ANTLHPXMA,高二,6,历生政,男
FJEE,RLXRANESE,高二,9,历生政,男
SBHD,CGQXRBMGQ,高二,18,历生政,男
DJHT,USNASCHWK,高二,2,历生政,女
VJQF,YQAEXFMFQ,高二,10,历生政,男
FJKH,MRNSKTSRP,高二,17,历生政,女
EAWW,GWJOTYRGZ,高二,17,历生政,男
DTKG,YMHXGCBUH,高二,15,历生政,女
YUWT,CZRNGPCGB,高二,9,历生政,女
XZEF,MEXMOKLXM,高二,11,历生政,女
KPXP,XAYMPCPWJ,高二,11,历生政,女
VBDR,QMJKRQWST,高二,19,历生政,女
IXFU,NIGJGTAOJ,高二,3,历生政,女
QTVB,YJRLDRCEC,高二,16,历生政,男
VUUF,MWFGUMHBY,高二,16,历生政,男
RJVG,VIBPNYAAH,高二,2,历生政,男
IZPD,BWUFNIGPO,高二,7,历生政,女
AFSC,YQGCLLFRK,高二,17,历生政,男
YRZS,QEZRQQEAK,高二,12,历生政,女
WWPQ,VXCLPMEUG,高二,2,历生政,男
IDBD,YSPYLJORC,高二,13,历生政,女
IZVN,EAAHLEJIN,高二,3,历生政,女
GJDA,CLBRTAGFE,高二,19,历生政,男
XKGV,FSMJCXEVV,高二,11,历生政,女
DQXH,WLURBXKKR,高二,10,历生政,男
SGKA,ZUCFNFNAD,高二,8,历生政,女
ASGY,SPRZPMYVF,高二,15,历生政,男
KRKP,NIUKPEJDZ,高二,9,历生政,男
XCZG,XQWGZVEUI,高二,10,历生政,男
VBHH,RHXXHZRFW,高二,3,历生政,女
JEVO,FKRRPOEGE,高二,8,历生政,女
ROKF,TAYIUYNLI,高二,4,历生政,男
XPDE,SILBTQWMM,高二,3,历生政,女
SQKO,ONWXAOOEV,高二,17,历生政,男
THKT,MOOUFHIUR,高二,4,历生政,女
QEVF,PYNRUKQKV,高二,8,历生政,男
BNOR,GZVZEDSMP,高二,2,历生政,女
MJBE,JAPBCAFIU,高二,2,历生政,女
ZZAW,IKWNDLRAP,高二,16,历生政,男
VPYZ,DRNXARRFT,高二,4,历生政,女
FAUD,JRQFDDXLK,高二,13,历生政,男
CWUX,XVRPCQCYG,高二,17,历生政,男
ZQLD,VJVXPXVVC,高二,16,历生政,女
YJWJ,GZWUNKGYX,高二,18,历生政,女
LRIQ,EUPUHBHHP,高二,10,历生政,男
ZAQS,XGQUXYQVJ,高二,16,历生政,女
FJRQ,VDXPUYKJR,高二,16,历生政,男
MJGO,OUMKJXRVD,高二,18,历生政,女
LAXI,WNCDGOAWS,高二,12,历生政,男
PUSX,MEFUUYVEG,高二,17,历生政,女
IHAR,PHLGUCBUN,高二,7,历生政,女
KYEV,NVOBCDPDG,高二,11,历生政,女
NOZN,RVGXLOYJY,高二,15,历生政,男
JQGQ,VNKIMEYUM,高二,8,历生政,女
ZBTE,DCPRSASAI,高二,11,历生政,男
HQMP,TBUPYJQXH,高二,4,历生政,男
RPCI,IAAUFXIZR,高二,6,历生政,女
JIDG,TIXIEFOZQ,高二,9,历生政,女
SZFV,LWZINDZAA,高二,8,历生政,男
GGQV,CGLDLUKFF,高二,16,历生政,女
ZZEE,IMCDJVEOK,高二,3,历生政,男
UMWW,VVEJWJORK,高二,13,历生政,女
