HYTM,NHTHKQOZA,高三,16,历生政,男
CAMF,YYRWYCTFU,高三,7,历生政,女
XEWF,NZJHDVKCM,高三,5,历生政,男
YYHN,HVCIYOXYA,高三,4,历生政,女
YZQM,QDDCDHQAT,高三,17,历生政,女
UMQU,CBNCNQZXU,高三,12,历生政,女
UBUC,SKLTYMKAE,高三,16,历生政,女
GCXN,DCCMYRFRL,高三,4,历生政,男
IQXS,RBEPVSIEY,高三,19,历生政,男
NFSF,IDYNDZJTP,高三,11,历生政,女
NECF,ALJDFCJAG,高三,19,历生政,男
TJGC,ZESZJYVYQ,高三,19,历生政,女
DEKV,ZJMJHJQGG,高三,7,历生政,女
EFLC,CWFPDDKOK,高三,20,历生政,男
VCZW,LEAQOBMNW,高三,4,历生政,男
NAXS,JRMPEWTTA,高三,15,历生政,男
MTHP,TEGQEIHWI,高三,12,历生政,男
PRCX,FMWAFDTIV,高三,10,历生政,女
AKXY,HUXNYCSRM,高三,6,历生政,男
HNJD,YINAORESA,高三,14,历生政,男
QPEK,BSPKXJWOY,高三,10,历生政,男
MJVB,SRBNCVFUN,高三,9,历生政,女
IOJD,AWRCSLAAN,高三,8,历生政,女
RJLD,NNOFBVKOV,高三,20,历生政,女
JEZA,XOSAFFWQX,高三,7,历生政,男
WWSD,EALODXTGN,高三,12,历生政,女
UZVB,LRNVMMPVZ,高三,15,历生政,女
CUIB,XMRBMMOWH,高三,10,历生政,男
KJWQ,YWSALXYEM,高三,8,历生政,男
IHOG,XHQTCUNRB,高三,10,历生政,男
SACF,ASBVGBKSG,高三,18,历生政,女
DPRV,HXSTRNVOW,高三,2,历生政,男
CCCZ,ZAZENQCML,高三,7,历生政,男
WIHL,RLSOGIAGU,高三,19,历生政,女
RLGR,VSPOEAAEC,高三,11,历生政,男
CSKB,REBBQPIEB,高三,4,历生政,男
FADN,JTOSFKCJI,高三,14,历生政,女
GNXN,TLFDNZZPU,高三,3,历生政,女
VPQB,WRCEWPQPB,高三,4,历生政,男
AGLC,QMDWSDZTJ,高三,13,历生政,女
ESGD,ZZAFKRNBA,高三,9,历生政,男
BKQJ,FEBQZWKBG,高三,14,历生政,女
YTHG,QDVAMGCEI,高三,8,历生政,男
REYY,JKPSUAIML,高三,8,历生政,女
QGOO,IIFINPZAK,高三,9,历生政,女
CSYZ,NKUPXZIRC,高三,12,历生政,女
EYHT,NWEKVITNZ,高三,19,历生政,女
RQGV,RPCBFLWOZ,高三,10,历生政,男
YDYE,HIRMDKTNM,高三,5,历生政,女
MIAJ,HBSXDTYAR,高三,16,历生政,男
IQJJ,WHOFDAAZT,高三,8,历生政,女
MFXG,NJCNQQQOW,高三,13,历生政,女
HXZX,JUFZTJWKY,高三,6,历生政,女
SXVA,WEKZYDEUK,高三,3,历生政,男
AFZP,CFZAFFDPE,高三,19,历生政,男
SEIE,UJCTDAXRC,高三,11,历生政,女
JWAZ,VGIPDETUD,高三,20,历生政,男
XLNH,GQNELDAOI,高三,5,历生政,女
HJKK,NTAXEJTZC,高三,19,历生政,男
BCCW,BSUHMBESS,高三,2,历生政,女
UTFN,VPPEOOSRQ,高三,19,历生政,女
YVBC,CNULJFRCL,高三,16,历生政,男
TXFD,UCXLSRRUR,高三,17,历生政,女
SFZO,QKLVXKOKX,高三,3,历生政,女
XKON,BNSSMWNMS,高三,6,历生政,女
OEBC,NGTKPVPSJ,高三,12,历生政,女
OWLR,SNPGYGYPM,高三,6,历生政,男
JQHX,AUOQVJUEL,高三,12,历生政,女
NOQJ,VCHHUNGQO,高三,14,历生政,女
GPAB,NAUJQIQFQ,高三,11,历生政,男
MYOG,QZZWTEKLZ,高三,13,历生政,女
EPKM,IKOFBWCNN,高三,4,历生政,女
FTDL,IABRCDDYH,高三,4,历生政,男
BVXR,CHAZXOQUF,高三,9,历生政,女
RVLJ,DPPERQKUM,高三,6,历生政,女
ZSUP,KJHUBYIJS,高三,8,历生政,男
KQIU,QCZRRTCCD,高三,11,历生政,男
WEFB,KOIWITUIT,高三,5,历生政,男
EURE,AEDEAIXZG,高三,8,历生政,女
TDXU,YCNWDURAE,高三,15,历生政,女
IZRN,UCPFINTDB,高三,16,历生政,男
BSYV,SGEIBLSWF,高三,3,历生政,女
BQWV,MWKKIKJQX,高三,10,历生政,女
QWND,GCEYFHPUS,高三,7,历生政,女
HWJO,YKKMRVKQM,高三,3,历生政,女
ODYX,FCONQPNKT,高三,16,历生政,男
YPBR,AGVBTBGNB,高三,8,历生政,女
MWTV,AMGBAPORA,高三,6,历生政,女
CPMX,QAJXDBTPA,高三,12,历生政,女
TCVD,SJOHYWRRI,高三,7,历生政,男
QGSN,NORAAVZKS,高三,20,历生政,男
HNEA,WLFHACWSI,高三,9,历生政,女
KNNQ,RVZYIVPQC,高三,15,历生政,男
HRNQ,TQRFNUYJJ,高三,2,历生政,男
KYQI,IWWLLJCRO,高三,10,历生政,男
ZSVC,ONNJGKFUU,高三,8,历生政,女
MLPO,DQKAPOMKM,高三,18,历生政,女
KHQO,CEHDVVNOT,高三,5,历生政,男
KDES,ZCJRQNXJQ,高三,8,历生政,女
PTJF,PAYQYKZTM,高三,8,历生政,女
IUKE,IJGGDMHNQ,高三,11,历生政,女
FJGJ,QTTOOLBHF,高三,17,历生政,女
IEFS,DVQRYUMKI,高三,16,历生政,男
BCOZ,RCNZMFVGU,高三,10,历生政,女
OVNU,NBUOFJUEV,高三,13,历生政,女
WIEX,EUSULXYFV,高三,4,历生政,女
EPII,PNBVEPSTZ,高三,15,历生政,女
USAT,PVBFMCFWP,高三,7,历生政,男
HFNP,LYACEEGQI,高三,16,历生政,男
IIXO,RBANLBUZG,高三,4,历生政,女
AJBT,TRFFPAWQD,高三,2,历生政,男
XSIY,VZXCPRUBF,高三,2,历生政,男
MAXY,JDTHDZHQB,高三,12,历生政,男
BYJU,ZCFJBZBFI,高三,17,历生政,女
NEYH,TLISGDWPQ,高三,20,历生政,女
ESGL,EHSJYKHQH,高三,20,历生政,男
LFIP,MLKWJQAXU,高三,4,历生政,男
IIPY,UBJTKBREN,高三,20,历生政,女
ZCGW,YSNAOFTEP,高三,17,历生政,女
PFAS,FIIZLGHYN,高三,11,历生政,女
EXWK,TDRXIOBTV,高三,8,历生政,男
AQNA,IKFEVWUYK,高三,16,历生政,男
PHSJ,MFHTGSXUD,高三,4,历生政,女
PCOH,UNGOZFFKA,高三,5,历生政,男
TXNV,EQHGCCLYU,高三,7,历生政,女
ISVF,UTEEUXNQZ,高三,16,历生政,女
KXSL,ZKEMDCJHE,高三,17,历生政,女
QPFT,KMFPJOXUP,高三,10,历生政,女
AYQV,ZRGNNSCJB,高三,9,历生政,女
ZPDG,GYWEWXGDN,高三,5,历生政,男
BNVC,MNMPPJCME,高三,6,历生政,女
XRMT,XGDPYIRYW,高三,4,历生政,男
JWRM,PJOFOHLVS,高三,9,历生政,男
EFTO,DEKVCWPAY,高三,14,历生政,女
DDJA,NQOBRWBAF,高三,16,历生政,男
GQBR,TTAAROPWY,高三,9,历生政,男
PFIA,GMNKKNSNZ,高三,8,历生政,男
LAVY,AZOBYBFLE,高三,19,历生政,女
FFMI,IASTMRGYP,高三,20,历生政,男
NBCO,AIWROLSFL,高三,11,历生政,女
TDWB,ILZKDGPGQ,高三,19,历生政,女
GTUA,LYXCPUSAI,高三,11,历生政,女
KTJN,TMHSFJDYM,高三,12,历生政,男
FDYU,HAMLMAEEL,高三,3,历生政,女
UZIG,MGPAVVCVQ,高三,20,历生政,男
RDLJ,FEWNSQMHH,高三,6,历生政,男
LPJK,XHXRJPHET,高三,12,历生政,男
TOGM,VYNCJRFYQ,高三,16,历生政,男
XZEW,LDYVDJBCX,高三,9,历生政,男
LLZV,AKEVVRDBP,高三,19,历生政,男
KVZI,NHRLCASKR,高三,7,历生政,女
MZET,ZPYBUAMSX,高三,11,历生政,女
CANV,HWIKBZEPF,高三,9,历生政,男
KIUY,RJDPAFMYI,高三,10,历生政,男
VMPT,UWOGFFXHN,高三,15,历生政,男
CICT,YIMCWTESF,高三,4,历生政,女
SWDU,BGOZTCMMS,高三,2,历生政,女
ZPIV,IGTVTXOKP,高三,9,历生政,男
RSHV,RFPWUBOPY,高三,3,历生政,男
CKAH,QKBVUEAEW,高三,11,历生政,女
KCIX,OEABDDTKN,高三,17,历生政,男
GUJS,SAHQNLAAM,高三,16,历生政,男
NHEY,AGOLBLVLN,高三,20,历生政,女
FAVY,BQLKWDXRQ,高三,8,历生政,女
SRSP,ILBWDHAYF,高三,3,历生政,女
TLMK,XZQTNDAAE,高三,17,历生政,女
NSQG,BCKUXDPID,高三,13,历生政,男
SBLO,ETPHQDORH,高三,7,历生政,男
SPLT,VFEOZKPPU,高三,17,历生政,女
LFGJ,SRRCCKAEZ,高三,9,历生政,女
DIZZ,TMLCZRDRR,高三,6,历生政,女
UIIS,BGXEQNTLA,高三,8,历生政,女
XDAI,NGNBEELKB,高三,15,历生政,男
YQNY,PMEBLGRCI,高三,6,历生政,女
EDMD,CLXZPTJBE,高三,18,历生政,女
BNPL,CYLLLFLKJ,高三,10,历生政,男
GFHB,XGVEIREWD,高三,3,历生政,女
MEFM,TYHKLJYBW,高三,19,历生政,女
URBB,QTPLZFKNL,高三,11,历生政,男
GLQW,VBSRABOML,高三,3,历生政,女
SCWT,PUQEQPLXT,高三,19,历生政,男
NLLK,EAGGYTYDJ,高三,14,历生政,女
AORC,GELCYMAEH,高三,12,历生政,女
KOPY,DFOGMIKES,高三,8,历生政,男
XILT,JTUSIVIOR,高三,6,历生政,男
JFKL,HDQTUNUGK,高三,20,历生政,女
TZJO,QMMVKLNPN,高三,19,历生政,女
ZTYO,ESSWBVDZW,高三,20,历生政,女
OZIM,ZQUAZKYUZ,高三,3,历生政,男
LGYS,TSALQAGUV,高三,11,历生政,男
PNBM,UQWKVXOSI,高三,4,历生政,男
NGKR,YGSXUJXMH,高三,7,历生政,女
VHXG,YDVVUKXKB,高三,19,历生政,女
MLUY,BKELNIBDZ,高三,19,历生政,女
BRYE,ETWYHLALV,高三,2,历生政,女
FJDJ,HZUCWRQZK,高三,8,历生政,女
FJOV,SWQTGRRMA,高三,16,历生政,男
BCNH,OINGEBMRL,高三,18,历生政,男
ZLVM,GEJHCHJCU,高三,20,历生政,女
JKRB,HVZRMGZWV,高三,10,历生政,男
PKPR,IJMEPDVJG,高三,17,历生政,女
FJYO,VYVCVUAGV,高三,8,历生政,女
ZSSP,OOQSMMOKU,高三,4,历生政,女
KXZA,QRHKJFVGR,高三,3,历生政,女
WPYR,QGGWJZIPJ,高三,8,历生政,女
IMER,GHMCPUWPG,高三,5,历生政,男
JQRO,PDWRJTGSU,高三,17,历生政,女
ISMT,NZMPGJKCI,高三,3,历生政,男
HJHB,ECQMVCMGD,高三,11,历生政,女
XNMN,VULEKZSJX,高三,5,历生政,女
PYRF,LHROTHPIC,高三,12,历生政,女
ZABY,XKPREHOSE,高三,3,历生政,男
UFNF,VARYPRFYP,高三,14,历生政,女
VNCY,TRIVUECAN,高三,19,历生政,男
AWXZ,BZOPFLAWD,高三,5,历生政,男
YHJN,RLFGSNEJB,高三,5,历生政,女
VMFM,EHBRCAPTI,高三,2,历生政,女
EAEV,XXVDNDKXB,高三,15,历生政,女
QMEF,ORMVAGSAW,高三,20,历生政,女
SBAB,RONTHIWDW,高三,8,历生政,女
TFLI,SCTBSPZSV,高三,13,历生政,男
KZED,PHJWVHLAT,高三,10,历生政,男
NKDZ,NYLFSQYIG,高三,19,历生政,男
NMSD,ZHBGVQHZJ,高三,3,历生政,男
ROYG,QGJIFJHVM,高三,12,历生政,女
QKJJ,CRWBPLPLQ,高三,10,历生政,女
JDXV,ZXTDYITZZ,高三,10,历生政,男
FTOU,NMDPVONWT,高三,8,历生政,男
GHHX,QSSPYJRBV,高三,6,历生政,男
UGTM,VANHEIFEM,高三,13,历生政,男
OSIL,NGYXPGPQG,高三,11,历生政,女
GKZF,GWISDPYKY,高三,8,历生政,女
CZWD,BPMAFDAYY,高三,8,历生政,女
JBQR,LNKSGQCKQ,高三,8,历生政,女
CNEH,MVVBZCSYR,高三,13,历生政,女
KHBP,RPTQEISWG,高三,6,历生政,男
IQKQ,MTIDKBVSO,高三,20,历生政,男
AEXO,ZWNRIZRQY,高三,16,历生政,女
SWYR,KLXRADIHP,高三,2,历生政,男
GVHL,ZIUZMIXUV,高三,4,历生政,女
FSUQ,JKRMDUMCB,高三,17,历生政,女
QSPZ,IBZSFKIMM,高三,16,历生政,女
QGGZ,THQKLVKBF,高三,7,历生政,女
IVJS,BWNMHTCAQ,高三,10,历生政,女
CEYI,GMFTNOXUH,高三,18,历生政,男
AKIK,XXPZNSYMI,高三,3,历生政,男
YZOQ,MJYOOBYZQ,高三,3,历生政,女
IHZY,VRLLNSJJZ,高三,18,历生政,女
