朱飞宇,zfy114514,高二,10,物化生,男
RNHJ,TPGYQXSUZ,高二,8,物化生,男
RZQV,LVLSXAMMZ,高二,6,物化生,女
KOXK,AWNJJLAYO,高二,10,物化生,女
OUKY,WJBCRBTGO,高二,12,物化生,男
YLZC,LLKVVKXMK,高二,20,物化生,女
GRUP,HIURHTTAL,高二,13,物化生,女
AMIB,KHKXZERJT,高二,15,物化生,女
WACP,UBXLDXVFW,高二,10,物化生,男
YJZS,YGDPKOIXA,高二,3,物化生,女
CNAC,UZMVDYHOR,高二,14,物化生,男
ELMN,WIVGJVSHB,高二,7,物化生,女
RUQN,VCFUDJZBG,高二,14,物化生,女
GBDI,COUHEGEKH,高二,2,物化生,女
DFZL,CPVEIIBRZ,高二,20,物化生,女
IUJQ,FXAFKNUOO,高二,20,物化生,女
VVNF,GNPIBQBCL,高二,6,物化生,女
NJXX,YQJHSDWUJ,高二,18,物化生,男
YVKC,GUWSNUAZP,高二,20,物化生,男
NZFK,ZIPGIQUJV,高二,5,物化生,男
NZZJ,KVPFZGMPG,高二,7,物化生,男
HQNA,PEEPZLEDF,高二,3,物化生,男
ZQPO,OQZYIDPFS,高二,8,物化生,女
EHYG,INOXQEZEE,高二,10,物化生,女
XJSJ,YEZLVLIBG,高二,8,物化生,男
VTAK,PXCPSNKXW,高二,5,物化生,女
CZRS,WMWTBCKIG,高二,6,物化生,女
ZOSY,XJBVNLCAW,高二,17,物化生,女
QQHQ,JMUNLNSHC,高二,6,物化生,男
KUHK,NSBLLOUFH,高二,18,物化生,女
PJCJ,GIOTSYUWT,高二,17,物化生,男
VYUG,MCHXJYGPK,高二,14,物化生,男
HTED,WRWZDEJHO,高二,2,物化生,女
VOGF,JLSNSBQLV,高二,6,物化生,男
FURK,XYFIJZVFS,高二,5,物化生,男
VXIY,XMVNBZALB,高二,2,物化生,女
MQUF,AKWESPMNK,高二,12,物化生,男
DOTI,RGVIDQRXH,高二,7,物化生,女
VAJM,PCWVOHFZW,高二,12,物化生,男
CWHY,QOHWAKEYQ,高二,20,物化生,男
UILT,PDMDIKEGP,高二,9,物化生,女
XHMO,GDHMYCSYU,高二,18,物化生,女
EEVL,BKOWUNHIJ,高二,6,物化生,男
RWLR,DOWIQBOXO,高二,14,物化生,男
ZXPW,CSCMBMFIT,高二,6,物化生,男
TPZH,HFNBHVJVS,高二,16,物化生,男
OSVB,GIOMMNJJY,高二,9,物化生,男
CFZV,OCNTNMMBZ,高二,16,物化生,男
JTVH,QXGQDAUBH,高二,12,物化生,女
IWYC,COONJJMNT,高二,4,物化生,男
ZFZN,EEFEKRENF,高二,19,物化生,男
IMAO,QRCEMZENU,高二,14,物化生,男
UMAF,FMDHRLOHK,高二,15,物化生,女
TSYV,ZNFEUWIHJ,高二,6,物化生,男
WYRQ,HENCBYEXL,高二,20,物化生,男
JPIZ,KVIEXYFPK,高二,14,物化生,男
ITEU,SJKVLMBLX,高二,17,物化生,女
IOXG,NOFQTOOBC,高二,19,物化生,男
VTHF,ZZPVSESBV,高二,19,物化生,男
KXSM,EEYJAEABZ,高二,11,物化生,男
DXJR,XGKSSCJJG,高二,11,物化生,男
XWPS,PVBDYTKPR,高二,14,物化生,女
XURS,OXVYXGURE,高二,16,物化生,男
DGWT,GWDHXUHIB,高二,11,物化生,男
THHI,EQNUBSUNH,高二,2,物化生,男
BLGD,UIBKZBJCR,高二,11,物化生,女
SHZF,DUDGTAOKB,高二,9,物化生,女
GZAX,ZHKYKVKVG,高二,17,物化生,女
ZADT,QJYLRTIWP,高二,20,物化生,女
KKLH,XPLKUVVXP,高二,15,物化生,男
NYHQ,RRKGBRIUA,高二,18,物化生,男
KZFD,WXQTJJTCP,高二,6,物化生,女
EIMS,WGASZMWUF,高二,14,物化生,女
QRUE,TPBNPIAIC,高二,4,物化生,女
SECX,TRUNZEUNU,高二,7,物化生,男
NKQK,CXZOBPNKS,高二,7,物化生,男
WRUD,FNYSYBQHP,高二,9,物化生,男
QLMZ,ZNFSPEJOO,高二,20,物化生,男
EGDT,IYFEQJMWO,高二,17,物化生,男
BNHM,QTRKHGUYK,高二,19,物化生,女
SIVN,FJZBNXPEQ,高二,17,物化生,男
BNKC,VOMGJQKBE,高二,12,物化生,男
DLGA,MPGMLGTNU,高二,17,物化生,女
WRYG,QVIIAKMVU,高二,19,物化生,女
YYDQ,EXTEPVDGO,高二,3,物化生,男
MDHL,MESPSKOXM,高二,3,物化生,女
XTRS,KHHMOERFU,高二,7,物化生,女
QTHI,QIWTGGFJO,高二,20,物化生,女
BDZY,WSYPPDVHX,高二,6,物化生,女
MQAZ,LSDFGKICO,高二,6,物化生,女
CFNO,KHZWNWDUF,高二,10,物化生,男
OVKT,XCIZQELZW,高二,9,物化生,女
EQCO,RIEXBHGVZ,高二,2,物化生,男
JTCH,NWJHEHJTJ,高二,5,物化生,女
ICOL,PRDDJTXEZ,高二,19,物化生,女
DINE,CGJFQUOEF,高二,11,物化生,男
UIYT,OFOHJPMYS,高二,13,物化生,女
RYMR,BSXJQNEIM,高二,2,物化生,女
SJSC,JVTTTUHSD,高二,2,物化生,女
PYOE,AAVKEOPXF,高二,9,物化生,男
AIVD,JRYFVVVEI,高二,13,物化生,女
DYHP,IDYDMCXKP,高二,19,物化生,男
JHLJ,OPWVSTCCJ,高二,4,物化生,女
SZHE,GYIOTLBPD,高二,16,物化生,男
KZOH,JWABMHEER,高二,14,物化生,男
NMIU,OKWOEJFPY,高二,15,物化生,女
XRCP,JSUFYMVSL,高二,12,物化生,男
WBLV,RKFCOPZHQ,高二,19,物化生,男
VWAA,DVCCHHRRX,高二,2,物化生,女
TJIQ,ZJQUUCRXI,高二,12,物化生,女
NUGT,QIYAHMHRP,高二,2,物化生,男
GAOQ,WUJDAEVIH,高二,18,物化生,女
JMEM,QXEHGABAD,高二,6,物化生,男
VJLH,HVITLGURR,高二,10,物化生,男
BGOX,ENVNJFQQV,高二,18,物化生,女
ZPRU,ADGCGCMMF,高二,2,物化生,男
XRTY,RTCOEIVIT,高二,3,物化生,男
WMKK,JBDFHLHQQ,高二,5,物化生,女
BTDB,UOZJJNERI,高二,7,物化生,男
ENOX,SPXNCSJYV,高二,9,物化生,女
KWTT,WOUZVWVVS,高二,10,物化生,男
CGEE,LQZPSNMKZ,高二,19,物化生,男
JQIM,DZAXNYSYZ,高二,13,物化生,女
MLHC,BYNTFUPLM,高二,2,物化生,女
AZTC,UNXWQLPOB,高二,15,物化生,男
YTYP,IPPUSYAYZ,高二,15,物化生,女
QHME,BZHXCLPNR,高二,2,物化生,男
CQDS,AXCWFLTXQ,高二,16,物化生,女
NUYV,IFXGOBAVC,高二,15,物化生,女
QKKJ,VYXHQIQBN,高二,19,物化生,女
QOPL,THRRNKAQG,高二,3,物化生,男
EMZD,NNPXNUCVL,高二,10,物化生,女
GCAK,WXSKFUSBW,高二,17,物化生,男
QPJV,PAERKEESS,高二,5,物化生,女
BOZI,LJJPJKVXV,高二,17,物化生,女
FMHX,FOGBDGEJB,高二,20,物化生,男
RXQH,DNALWNTDD,高二,3,物化生,女
LDUI,SERVYRAEQ,高二,10,物化生,女
LQED,DHOGNLVYO,高二,12,物化生,女
SLNG,OWPLRHZBL,高二,10,物化生,女
GWGO,TBOCERLKS,高二,9,物化生,男
VOOU,VEWYBUOEB,高二,10,物化生,男
SPNE,WZGTFXKIV,高二,6,物化生,女
GDKS,HHSMCKWMG,高二,15,物化生,女
GDGP,YGRNDTWXV,高二,10,物化生,男
QMHH,IHUOERYWC,高二,18,物化生,女
LDAQ,ZGVGEQNJT,高二,12,物化生,女
YBSQ,ZUHMTYEKW,高二,4,物化生,男
IRFP,OWVFIFDFM,高二,19,物化生,男
SDRS,TORPUSKGH,高二,5,物化生,女
NYKH,JHBUNPASY,高二,3,物化生,女
WBUT,GOHSFZNCD,高二,6,物化生,男
ZSNU,QQXCPWHQP,高二,12,物化生,男
VWJP,WIVBZYUEZ,高二,10,物化生,女
APGD,XTDNEIXMZ,高二,11,物化生,男
XEEB,QRPADNKGQ,高二,2,物化生,男
CJGS,NYDGYSQJI,高二,20,物化生,女
IDYF,OYUYQCXRA,高二,9,物化生,男
TOEC,TLQEFMGYP,高二,20,物化生,女
XQQN,NSXRVJWVZ,高二,4,物化生,男
PLEM,RRYYZYEEZ,高二,19,物化生,男
BKIM,ACVVLGDPQ,高二,15,物化生,女
VIPE,BRUEGKAMT,高二,19,物化生,男
JCEH,ABJMZLTRZ,高二,14,物化生,女
WLBT,UUTGXOHTV,高二,16,物化生,女
PMBW,BOBPQCIBG,高二,10,物化生,女
GNKD,AHNINZIFE,高二,4,物化生,男
BXYM,CGDSXXDRO,高二,16,物化生,男
LECL,CFATPKUWW,高二,13,物化生,女
ZSSH,SEBQIGAZB,高二,8,物化生,男
MVKM,BFWCFMHRG,高二,19,物化生,女
PYWJ,LBHTHMVVG,高二,7,物化生,男
OXES,UTCXZULUY,高二,6,物化生,女
IHOI,WLMXIXSTW,高二,13,物化生,女
VHML,OCHQSQUIY,高二,12,物化生,男
OGVX,GYZTZERZV,高二,13,物化生,男
CILJ,LAZWGAZHQ,高二,4,物化生,女
OVWL,OXAJAGPPP,高二,5,物化生,男
WLFP,EUPNXWKZU,高二,15,物化生,女
YNJZ,OBFVWLITQ,高二,19,物化生,女
RYWC,GVGZNBNZH,高二,16,物化生,女
HPAM,RFHROAYYN,高二,16,物化生,男
KEVW,WOWFQTZBU,高二,12,物化生,男
QTYG,TVDGQQTYG,高二,13,物化生,男
GFPH,NGLHKEPWC,高二,13,物化生,女
ZIFU,PBPPPVFJM,高二,16,物化生,男
KBTT,YSICACMGU,高二,14,物化生,男
CNWN,BCWBVXNXE,高二,14,物化生,女
HPHD,CWHHJJSTQ,高二,4,物化生,男
BBYT,KMZXJTLYH,高二,10,物化生,女
ZWOD,VCRUMECEO,高二,16,物化生,男
WCLR,XVGXCHYOI,高二,12,物化生,男
FJPR,MPIFVVRBI,高二,14,物化生,女
JSEQ,PWIJOQZWT,高二,13,物化生,男
NWRD,FHAYNEBKR,高二,16,物化生,女
FWSV,MYPPEWANP,高二,20,物化生,男
GYNC,QRWWVOHGF,高二,8,物化生,女
UGFR,PNTNCXXVM,高二,7,物化生,男
OAZZ,TDGZTHBFU,高二,14,物化生,男
SAOD,XWJFOSFLW,高二,19,物化生,女
FGGX,MFVURODMW,高二,17,物化生,男
NWWB,WLORVVCSR,高二,7,物化生,女
ITJQ,PBPXWIUUS,高二,2,物化生,女
QUJR,VVNEACNZI,高二,9,物化生,男
SMCD,MZVSUVTFM,高二,14,物化生,女
TPOM,XPIEVIGQO,高二,18,物化生,女
MJRY,SDIYDKIGO,高二,9,物化生,女
JLED,JDHEDNILX,高二,20,物化生,男
AHUF,ENLHUHEBW,高二,15,物化生,男
AHWK,LIVIBACNG,高二,8,物化生,男
XHZK,BTMSFYARD,高二,11,物化生,女
JTNK,WQFNUWGNP,高二,4,物化生,女
MYTG,FTEKOHOZR,高二,16,物化生,女
AJPM,UBKMTKATU,高二,11,物化生,男
OMGV,FOEFCBJFP,高二,20,物化生,男
XXJC,MGLIXBCCP,高二,15,物化生,男
QNJG,MGVLJBGAW,高二,20,物化生,女
CZUH,ULQUXYBZD,高二,16,物化生,女
VWQQ,ONDKWCJUZ,高二,18,物化生,男
KSLD,BGHTRKOWH,高二,2,物化生,女
EZCS,EDBEGGHWK,高二,19,物化生,男
YFOJ,XAGWAXLSF,高二,5,物化生,女
SSWR,LFERKQGJR,高二,17,物化生,女
IQCN,YOJGAESLY,高二,11,物化生,男
FBQY,DFRNYAZWF,高二,7,物化生,女
GXAA,OBWHKBTGK,高二,11,物化生,女
CGIB,UWZBRNAAL,高二,9,物化生,男
LPVT,FTZQEIJBK,高二,20,物化生,男
JXDO,IQCNOGGUN,高二,11,物化生,女
QNPE,OELTTCUMS,高二,6,物化生,女
QASH,PJDUBEAQB,高二,4,物化生,女
QNRO,ZGFBEQVZD,高二,18,物化生,男
MHUV,MQABSKZGB,高二,9,物化生,女
ZOGL,YTXBBZXRS,高二,3,物化生,女
ZDXH,TLWVWWKBW,高二,13,物化生,男
ESPR,UZOCTZWED,高二,6,物化生,女
ZNGS,PFKSIJYTL,高二,13,物化生,男
COQD,YFMNDXVHT,高二,5,物化生,男
ZJFQ,TXHKGTBGD,高二,5,物化生,女
ZTEX,IOPNWQIKD,高二,4,物化生,女
FYRW,CIMCHIMSC,高二,16,物化生,男
AIZZ,RKSQLHPGF,高二,15,物化生,女
POEO,UHPMGSWEC,高二,11,物化生,女
WWAQ,XGMKCNNEG,高二,4,物化生,男
GEZD,RUVUVZIZW,高二,4,物化生,女
JLMW,JTAUNJNUZ,高二,10,物化生,男
ZAFC,YJYUBGXMR,高二,3,物化生,男
UOZV,FQNWICOCF,高二,18,物化生,女
JQCI,FGKUNCZEN,高二,12,物化生,男
QEWG,MLDAOXSHP,高二,7,物化生,女
EKEK,ZCXVINKBT,高二,2,物化生,男
XFGR,VGCGQTMER,高二,19,物化生,女
KCYV,IYNLDKVNS,高二,12,物化生,女
AZSA,JMTYAEEHT,高二,13,物化生,女
THPS,MGXHECZIQ,高二,3,物化生,女
YZOB,IDGITXKUC,高二,20,物化生,男
YRIX,SHCKFISNE,高二,14,物化生,女
YWXK,KBJTXZVUB,高二,7,物化生,男
RPIC,QUHCGAMDR,高二,2,物化生,女
WLQL,IMISUAFIA,高二,16,物化生,男
YJTK,BEIOEVEEV,高二,5,物化生,女
ZVNB,QZECCQWZS,高二,3,物化生,女
QIMP,OQXDOWVIG,高二,18,物化生,女
ODKY,OVIJEGHRV,高二,6,物化生,女
VEBC,ZNWQMWOUW,高二,11,物化生,女
QWLF,GAWLVPSBI,高二,14,物化生,男
TKFF,UBVQLRENV,高二,14,物化生,女
ORLZ,LLPTJZIDW,高二,12,物化生,女
GZMK,RAIPXMPYS,高二,5,物化生,男
CVMH,KTIRJGACK,高二,12,物化生,男
ONLC,HPRBXUEOP,高二,7,物化生,男
YIVW,GONJTYQBO,高二,2,物化生,女
BHWZ,WLXYYZTXY,高二,19,物化生,男
GTZR,EWMFTPECN,高二,19,物化生,女
BBXJ,EQAYJOEOZ,高二,20,物化生,女
TCRT,HSWADYWPY,高二,4,物化生,男
XUVT,QUVKPEZTM,高二,7,物化生,男
FXFK,YAYIGDCWU,高二,3,物化生,男
HIDX,EGGZWWFHM,高二,9,物化生,女
EHOA,KPZMCVOFQ,高二,7,物化生,男
IFYE,FZTICQQCE,高二,10,物化生,男
ESYV,GMYWRHRZC,高二,8,物化生,女
ZIZV,KDPOYJJRV,高二,14,物化生,男
MOZS,KSXDQCXTL,高二,13,物化生,男
OQOR,UXPZWXQRL,高二,17,物化生,男
SQMQ,ATHAVVILN,高二,13,物化生,男
YLES,LBFQYDXXF,高二,8,物化生,男
UIXR,DCOBPRLHN,高二,19,物化生,男
KNER,ZNDFYNAWU,高二,11,物化生,女
SZOO,YTAHKMFBE,高二,12,物化生,女
DWRV,AVCGAKTDY,高二,9,物化生,女
LWPM,XYHQYYPQW,高二,8,物化生,女
EIBH,JSZFSYRXQ,高二,9,物化生,男
LHYF,KKLFWROHO,高二,11,物化生,男
HFUV,ALTNMBZOP,高二,20,物化生,女
QKOU,TKNUPDNYV,高二,7,物化生,女
MKDW,AXLVELICA,高二,2,物化生,女
EJCV,NUAHXLIVV,高二,12,物化生,男
HXQG,KARGWPQNM,高二,7,物化生,男
TLSC,UQIQHHCCC,高二,13,物化生,男
SHJA,AMSYLHUTL,高二,3,物化生,男
LGQU,SGTIABYXX,高二,17,物化生,女
WEHP,BTZTRKICX,高二,13,物化生,男
ZNHK,ILCGLLJLH,高二,14,物化生,男
FYCP,NXZSQIMPN,高二,4,物化生,男
SMJT,DGZQBUXPE,高二,12,物化生,男
AGLU,TNMYLUOUL,高二,19,物化生,男
SDHR,NWMQOFQFS,高二,11,物化生,男
PBEF,LKPWMQSEB,高二,14,物化生,女
JJJF,LZJPEQOAY,高二,7,物化生,女
NYTK,RWIMNTRZI,高二,3,物化生,男
IXLB,UPJABDZMM,高二,5,物化生,女
TNVM,RXHCIYFNS,高二,17,物化生,男
RDWS,KJWHTYFUE,高二,10,物化生,男
ZYXH,EXATNFWVU,高二,18,物化生,女
FGSC,UNHBEUEGE,高二,18,物化生,女
NZHY,UHZTZMWQL,高二,6,物化生,女
BJGD,GCIZWPONJ,高二,14,物化生,女
XFGN,UOPJYILLM,高二,12,物化生,女
