WGHU,LZVLTLFEQ,高一,5,物化生,男
VMEA,CURFULDCU,高一,14,物化生,女
DYLN,AWAGHKBFE,高一,19,物化生,男
KLFD,YIACLUPLA,高一,9,物化生,女
BXFI,PIQVSWNEQ,高一,12,物化生,男
QRCV,ZHWOWNGFW,高一,16,物化生,女
DSCX,UHOIHARLM,高一,18,物化生,男
PGGB,IYVALOUPM,高一,14,物化生,女
NWKF,DDLPLZPIH,高一,5,物化生,男
GNQD,OPMBRWGGN,高一,7,物化生,男
FUXW,YMVHJARVD,高一,4,物化生,女
NFNF,GOQMHJQFW,高一,2,物化生,男
OOZV,OFUTURLEL,高一,7,物化生,男
JSRT,JXZNADTFY,高一,5,物化生,男
SKJP,FKUXRTLAQ,高一,16,物化生,女
FREP,HLLPPZXDZ,高一,9,物化生,男
IGGX,ZVOUKDRID,高一,16,物化生,男
RRPN,KBWSLPZXH,高一,17,物化生,女
ERVY,QSZUYXQVQ,高一,17,物化生,女
CSTM,RLWVHWFTP,高一,12,物化生,女
IWCY,WARWIFWWU,高一,10,物化生,男
NSYY,XHSNKWBYS,高一,19,物化生,男
OCQP,BIIGJHJFS,高一,17,物化生,男
DEVI,DQNOULUUI,高一,6,物化生,女
RKEF,GTEXAJPSK,高一,16,物化生,男
VFMZ,RHNJPVWDR,高一,17,物化生,男
SNIM,ZJMBSRHIW,高一,16,物化生,男
CSVW,GVUGKRSAF,高一,5,物化生,女
CSRE,UOPXTZLPS,高一,5,物化生,男
INZK,CAJWLCVHU,高一,18,物化生,女
HYCX,FVRMIYHHW,高一,6,物化生,男
QFXT,WWTADZPAY,高一,14,物化生,男
WLSG,PVJECGIUV,高一,2,物化生,男
BYPS,OVGKOOAYT,高一,5,物化生,女
JFAD,JAFDFTTZX,高一,11,物化生,女
SPOO,UOULOUYMU,高一,15,物化生,男
EEFX,UXCRYJDMX,高一,19,物化生,男
YZBC,QNVIIAPLU,高一,11,物化生,男
ZOEJ,AKKPTMZHG,高一,16,物化生,女
OUVP,DMTFBSPCZ,高一,19,物化生,女
LVAB,AKEXECZGY,高一,13,物化生,男
COYG,NXUMXVZUK,高一,19,物化生,男
EPOE,DZZQFRGDU,高一,20,物化生,男
YYLF,MSHCIFYFJ,高一,12,物化生,女
EPBN,CYLIUJJLQ,高一,4,物化生,男
GPLJ,JLTMWJZOY,高一,3,物化生,女
XVRV,RLJRZWYOX,高一,8,物化生,男
GIPY,JOSRWXGXX,高一,10,物化生,男
GAMY,QKOAIDSYA,高一,9,物化生,男
GEHW,PNBBBIYVL,高一,2,物化生,女
QQNQ,AADPHNLRA,高一,11,物化生,女
VRQP,CUAYKOTFZ,高一,5,物化生,男
IMXU,INDYYYVWW,高一,4,物化生,女
EJJL,KSMXENIMC,高一,14,物化生,女
ZOOV,WEWKUWUDK,高一,9,物化生,女
UAOW,LPNLFHYRH,高一,10,物化生,男
SUXW,CCOVQUAGD,高一,20,物化生,女
SHMS,DWGPYTZYX,高一,10,物化生,男
TNCB,XPUIFSJSC,高一,13,物化生,女
HXCO,ZVUJKGOJU,高一,15,物化生,男
AKSF,EKPOINWRT,高一,17,物化生,女
XZKV,HEIVHUSUW,高一,6,物化生,女
CATX,TVYGJTVUX,高一,17,物化生,女
DDKN,PTFUKPVQK,高一,13,物化生,女
QLYJ,YOZSZMKUD,高一,19,物化生,女
LYHF,MCWEKAENH,高一,4,物化生,男
NIXJ,ELEXCDBCL,高一,20,物化生,女
LSWN,QHAVCLFBX,高一,4,物化生,男
HKKU,LRCDQNGGI,高一,14,物化生,男
ZFNU,OKOAPPZJL,高一,11,物化生,男
JXXZ,STXPSWZSD,高一,11,物化生,男
SRZB,RCWSHBQHD,高一,7,物化生,男
UMNM,HCZRGPPHN,高一,8,物化生,女
QGQO,FJTGPDNHR,高一,9,物化生,男
BOKE,CLQTXMAYG,高一,12,物化生,女
ETLY,RIEEACWKR,高一,14,物化生,女
JHNK,SGMIDTFGE,高一,15,物化生,男
HOAU,QQLOZXMVQ,高一,4,物化生,男
LGZQ,MTETQEWAG,高一,18,物化生,女
FRCD,FMUADKZMB,高一,9,物化生,女
IDIU,GCYEPXVIY,高一,12,物化生,男
OTEI,TCRHUOVAY,高一,13,物化生,男
XOJW,XATMRSQIQ,高一,17,物化生,男
WAYY,AKRMORSUV,高一,11,物化生,男
WZPV,FQQDJHVRM,高一,4,物化生,男
ISCM,RYCDMWNJO,高一,2,物化生,女
ZPSA,AKKDRHLFN,高一,3,物化生,女
BJLF,AGVOCTCSW,高一,16,物化生,男
SVGU,JJHYIODAZ,高一,3,物化生,男
BBFA,XVKASSJQM,高一,6,物化生,男
BAOV,FWOXTEJFJ,高一,12,物化生,女
ILZY,UNZEWRDIG,高一,5,物化生,男
BLNT,VFVCHPZAR,高一,20,物化生,女
CRKD,ANOQPOXBX,高一,8,物化生,男
FCPW,YSKQKXOTT,高一,15,物化生,男
HSRT,MYTNVHGEQ,高一,20,物化生,男
ZESJ,MFYBQXRCB,高一,17,物化生,男
EWHD,NDCJZTUTX,高一,6,物化生,女
LIZC,VXMLOAGAU,高一,7,物化生,男
AOBZ,IIMXGXMDC,高一,3,物化生,女
SCNF,ZDWKUIJEL,高一,2,物化生,女
QWLQ,HJRHWZQVH,高一,10,物化生,男
JIJT,YWNEUOQRA,高一,10,物化生,男
WVDW,KMHMCJJAV,高一,17,物化生,男
NVXH,ZLGKFVSBA,高一,7,物化生,男
LRCB,XNHZJJKJK,高一,8,物化生,男
HLDV,SVBOEMDUR,高一,15,物化生,女
AGYL,ZIVYKDYZS,高一,14,物化生,男
LWGB,HQWEEBCVC,高一,5,物化生,男
YUSB,FOOEAHHRB,高一,2,物化生,女
WMBO,ZQSMYIVPC,高一,9,物化生,女
IRXT,SSUUFVSUU,高一,4,物化生,女
LLHC,IUBOJONMB,高一,6,物化生,女
LSMP,YWHRQPFRY,高一,13,物化生,男
PXOH,EPRPOWQOZ,高一,18,物化生,男
JGMG,MGOWXNBKF,高一,9,物化生,女
ANKE,UHITTKFGU,高一,5,物化生,女
HUFD,EJEZCXGUC,高一,2,物化生,男
JXOT,UAIMXQBRT,高一,11,物化生,男
MOGB,XPLQNBKBO,高一,12,物化生,男
JGXP,ECTHOQSDU,高一,4,物化生,男
JEYA,MWAIXAJNT,高一,11,物化生,男
UNFE,ANNUCHAYD,高一,11,物化生,女
WTCU,GFZYVVWHO,高一,19,物化生,女
IKEP,FRXCVNCAJ,高一,4,物化生,男
ZZSH,OUQUCCLMJ,高一,19,物化生,女
XKLJ,VECLEKWTD,高一,8,物化生,女
IUGG,CSKTWRBAR,高一,16,物化生,女
OGEK,NDRNUZAZC,高一,7,物化生,女
YJDQ,DBSGLCEUD,高一,13,物化生,男
VZJE,LNBGNQEJO,高一,14,物化生,男
BNPE,BUPWTXTYY,高一,14,物化生,男
BVQG,PZUKUPCVP,高一,11,物化生,男
KXIE,NEPWLYGPX,高一,2,物化生,男
JPJS,TZNBSORRQ,高一,2,物化生,女
JRDZ,HOKOCAKXC,高一,13,物化生,男
PJAZ,UXDSFCZBW,高一,4,物化生,男
UUJL,RUPJGWNBI,高一,5,物化生,女
HLCH,DQUCNMBVA,高一,3,物化生,女
NHBF,EWONMRXCF,高一,11,物化生,男
LQMK,ALKZQPGVU,高一,15,物化生,女
JIMW,KRHOYAZRB,高一,19,物化生,男
AZOB,TWAVEAHTH,高一,3,物化生,女
IIWY,RAMENQTRV,高一,3,物化生,女
IBXD,WSCDRRNAE,高一,14,物化生,女
BUUN,XSSTRFCXX,高一,8,物化生,男
ZFSK,HPUIPZURU,高一,9,物化生,男
YSRS,YMTGKUYNJ,高一,19,物化生,男
VRTE,YKXNATSVC,高一,13,物化生,女
GKMQ,JOIMJMERL,高一,11,物化生,女
EDCY,VFAGZPJOW,高一,16,物化生,女
FZJE,PMZVIVFTX,高一,20,物化生,女
ZEUH,RCNQRSDRT,高一,11,物化生,女
ZMSR,VXBJBQTFL,高一,18,物化生,女
PQCO,OGKSDWLMZ,高一,19,物化生,女
YZIJ,PINQMNENY,高一,2,物化生,女
EIPF,KPVMHTRPV,高一,17,物化生,女
SION,DSUNLNNGJ,高一,11,物化生,男
WEED,WGODXCJEN,高一,15,物化生,女
IDPS,XUXGYUYUL,高一,4,物化生,女
EZRN,NKOTWLWHU,高一,5,物化生,男
JAVY,QDEBLKWOK,高一,18,物化生,男
KMMT,WKIENWEMG,高一,8,物化生,女
EATB,XPCHNPGWC,高一,20,物化生,女
TDZQ,UMWPLRCEM,高一,14,物化生,女
ASOE,KMFBDKTBM,高一,10,物化生,男
EMUV,ROMBTPNVP,高一,7,物化生,男
TNPP,RBTJRQZDI,高一,16,物化生,男
WPSU,DJFPOWJLM,高一,11,物化生,男
UACB,KKFQPSBVJ,高一,12,物化生,女
HAZU,RFOOPWANE,高一,14,物化生,男
KXMH,VVDRQLWSY,高一,17,物化生,男
YECT,SUEQNGYDS,高一,3,物化生,女
RHLE,GETYVDJSH,高一,11,物化生,女
JGRP,HLPASXWVO,高一,16,物化生,女
OUNK,DNBJWJDZG,高一,9,物化生,男
MDMB,HAAFZDZPN,高一,16,物化生,女
XPPW,USMVNJBZD,高一,13,物化生,男
ZEQT,AGRVLBNPZ,高一,15,物化生,男
AGJO,RMRDDYVDY,高一,8,物化生,男
SPAR,GMXCOBKWI,高一,15,物化生,男
JMOW,NZUZLHBVG,高一,15,物化生,女
FZDQ,ADCVUMVZK,高一,19,物化生,女
OYOX,KFYCHDLBA,高一,17,物化生,女
EYTJ,KBUPHHXNQ,高一,16,物化生,男
VBBH,SZWHYVDIL,高一,18,物化生,男
DAWD,BGVIMYUAK,高一,10,物化生,男
AYDC,GKYPRQKDA,高一,7,物化生,男
MPRJ,NJFGTWDBU,高一,5,物化生,女
WBXP,ACRYVHKJH,高一,13,物化生,女
FHOO,MTKQBQSRK,高一,9,物化生,女
VHPK,GQYXJKKRZ,高一,4,物化生,男
OWQY,QXPHLNQOW,高一,9,物化生,男
ZUHR,UOTZXVANF,高一,15,物化生,女
RQZH,CAIZGVRTH,高一,12,物化生,女
ZNBN,IQFDDVDNT,高一,14,物化生,女
WFUV,QTGKXDDQI,高一,19,物化生,男
LQNQ,NMAGQZSAS,高一,12,物化生,男
EQLR,LEVJHEUJR,高一,2,物化生,男
XZJP,PNQLTUSHR,高一,18,物化生,女
IXIO,EITZEYKRC,高一,18,物化生,男
OGVL,FQKAFILCX,高一,15,物化生,男
MIEX,JCPMJLLUU,高一,20,物化生,女
YDZU,EWNPJAEZZ,高一,5,物化生,女
DZOS,OILBAJVTO,高一,2,物化生,男
FRKR,CUOWSBPFI,高一,10,物化生,女
WUSV,OCXSRNGOC,高一,20,物化生,男
KOJB,QXSUSMIYY,高一,15,物化生,女
VRZM,BLDKTIWKB,高一,18,物化生,女
QWZP,LVYSZRJNA,高一,6,物化生,女
JOWK,RXHLNPTQV,高一,20,物化生,女
QJIL,LCRYIJLKJ,高一,18,物化生,女
YEFR,LTQXQBSNC,高一,14,物化生,女
XAAM,OCQKXKKYN,高一,20,物化生,女
XDIG,JVGDKIBOW,高一,3,物化生,男
TPNP,URNHKDPQR,高一,6,物化生,女
CUUH,UPMZWCFGT,高一,9,物化生,女
YGXP,MKRCUCFBN,高一,2,物化生,女
FQNJ,IGXEDZXOD,高一,10,物化生,男
NWJM,KIICSREEG,高一,12,物化生,女
YWAX,IPUXWYSVA,高一,14,物化生,女
ZXMN,TOYOTNOLS,高一,18,物化生,女
XSNH,IOWBOIEEC,高一,15,物化生,男
OHLQ,UFCGQWODF,高一,15,物化生,女
AQRZ,MCZOFWHSC,高一,19,物化生,男
XUDL,XUKSIUEIA,高一,15,物化生,男
DTFZ,LNQLDHHYG,高一,5,物化生,男
KOTC,UGBITULDM,高一,3,物化生,女
XJTN,ELUCUWAMD,高一,6,物化生,男
DZXU,ZNBISOWDL,高一,13,物化生,男
IGLS,CWWITIYRB,高一,11,物化生,男
ZDSM,DMZICBTLU,高一,13,物化生,女
KZCN,GXOHGYVVZ,高一,15,物化生,男
XOCK,UYUTVOGZX,高一,8,物化生,男
DVFA,CGNABSKSS,高一,20,物化生,女
JJFR,DPAUNJTCW,高一,13,物化生,女
QMXO,QITDXZCCR,高一,11,物化生,女
ZTHO,VJZQAHXRS,高一,15,物化生,女
AWKB,EQZPIJION,高一,5,物化生,男
KJZW,ZKTDQLRCO,高一,19,物化生,女
AUCW,RGCGQIOGN,高一,13,物化生,男
NLJF,KMHVYXNYU,高一,7,物化生,男
BRIM,KCFCAMODR,高一,16,物化生,男
VPMY,QJZPJVFQJ,高一,6,物化生,男
QHCH,VCCVDQSON,高一,20,物化生,男
PZRI,AFKXTATHG,高一,14,物化生,女
NWKB,ZLEWUYDVP,高一,8,物化生,男
CARX,HTXVGYRBR,高一,20,物化生,女
JBGF,NAXFDMCTC,高一,4,物化生,女
YCBC,VMCEMFQUD,高一,6,物化生,男
CEYH,PTEKGIZZZ,高一,9,物化生,女
SJUG,NLRVFSHRQ,高一,11,物化生,男
KIXW,QTCFXCEOG,高一,12,物化生,男
CTBV,FDCETUHGP,高一,17,物化生,女
HTRE,CXTSMKHWF,高一,15,物化生,女
MHBB,BWFSZMAAB,高一,2,物化生,男
LCPX,DYVYKYIWV,高一,7,物化生,女
KIFB,TCWTNHDZB,高一,20,物化生,女
ZXVF,GPNRPCRBB,高一,9,物化生,女
VBCG,GSOLBUZCN,高一,2,物化生,女
SKCF,LVIDICROI,高一,13,物化生,男
AQCK,JHLPEMOOV,高一,4,物化生,女
ECOT,QWWLRVPWG,高一,11,物化生,女
EZGK,IRHCUHWEL,高一,20,物化生,女
WUBM,SJDSKELMQ,高一,10,物化生,女
MJRM,WMQZDOTSQ,高一,16,物化生,女
XBSZ,SMZNRISYG,高一,14,物化生,男
KTSS,JRPTIFZKT,高一,16,物化生,女
IHFR,HWRCQOSWG,高一,6,物化生,男
IOEF,KEFSCTMGL,高一,19,物化生,男
VWSJ,PTCIQPIBQ,高一,17,物化生,男
NRXJ,GZCZBHEDQ,高一,12,物化生,女
AHGU,JMWYYIKXF,高一,20,物化生,男
NZYU,EDNXRYJGS,高一,7,物化生,男
MPZW,WUVVFOUCM,高一,20,物化生,男
KWEI,VWQHDMKLR,高一,14,物化生,女
JQUR,TNQGALTQX,高一,6,物化生,女
XPIX,RISUFTTKM,高一,5,物化生,男
PIQF,JNMKKOROT,高一,11,物化生,男
TLDU,FUREFYRTQ,高一,6,物化生,男
RUVE,BHMJDCZZX,高一,5,物化生,女
FOOW,AJKIFUNDP,高一,8,物化生,女
QQCU,VJJPNVNMN,高一,18,物化生,男
MDHN,DHESMQRGC,高一,4,物化生,女
JEFN,RJHONVZGA,高一,3,物化生,女
TJHA,DFGZAQRHT,高一,2,物化生,女
YIMU,HAAXPOPKA,高一,14,物化生,男
PCZF,RZYWHDVGQ,高一,18,物化生,女
ZSKU,ZSTGDQQLT,高一,2,物化生,女
WIDU,WWZGQQBCW,高一,19,物化生,女
JBUR,LMMJEHCUR,高一,6,物化生,男
GISW,JVHDNTCSO,高一,14,物化生,女
WTBR,JACFHGNUY,高一,10,物化生,男
YECU,LYIIIRCKU,高一,12,物化生,男
UYKA,SFZXWKLDI,高一,3,物化生,女
CBFC,FLNUKMSUA,高一,4,物化生,女
HVKD,SXZHQOUWY,高一,18,物化生,男
TZEZ,FTEEXJBSR,高一,14,物化生,女
PTOI,XLDYCTXYA,高一,4,物化生,男
FDUK,HLYJGQWVY,高一,3,物化生,男
FUHJ,IWEUQAUDZ,高一,13,物化生,女
EZEF,WKDSJHFXT,高一,10,物化生,男
VCZZ,WAQUKUUST,高一,4,物化生,女
CZBF,SMRUQSSOS,高一,7,物化生,女
SKQD,WKYARAGUX,高一,19,物化生,女
OPQZ,HKGJDPMHK,高一,11,物化生,女
NIKF,WFYRNRUBB,高一,12,物化生,男
WOBU,LHVXNLSQI,高一,2,物化生,男
LCDH,VSLLIDAPO,高一,8,物化生,女
YTHX,OTAVWUXVY,高一,11,物化生,男
朱飞宇,114514,高一,12,物化生,男
最显眼的人,114514,高一,11,物化生,男
