MWFP,TDKLVRJPF,高二,10,物化政,女
CDTL,XIYLULFIG,高二,9,物化政,男
CKHP,KENEPQKCR,高二,12,物化政,女
PEKH,OPTSKCGQT,高二,4,物化政,男
TJNC,CMPTVDYIM,高二,3,物化政,女
QYLC,VUYZYOEXM,高二,8,物化政,女
EQMS,GTQJTOBLN,高二,8,物化政,女
VSYG,TRBVFGNZY,高二,2,物化政,男
THWD,RLERRKTIY,高二,7,物化政,女
NVAE,VEGTCBKZO,高二,10,物化政,女
HQJK,PYPKNICXZ,高二,18,物化政,男
EZMH,FDGXOUFFB,高二,3,物化政,男
UIYD,CVURMXJSB,高二,11,物化政,男
FLXD,ETVLQTNTU,高二,11,物化政,男
RJOH,FXMRDRRHB,高二,11,物化政,男
CNSC,RHNLTCXQU,高二,7,物化政,女
LGHB,ABQGDIDWA,高二,8,物化政,女
JTUS,EMENMBEWA,高二,6,物化政,女
PWZU,YFKZUKZKN,高二,7,物化政,女
FMSQ,LHGFVLDVM,高二,2,物化政,女
GOYK,HOTOQTTME,高二,5,物化政,男
GIID,VTCIIVFJU,高二,16,物化政,男
IFWF,SBDOGNZPZ,高二,16,物化政,女
BXYA,TVWCSIBGV,高二,2,物化政,男
KAAY,EJZOUKOKA,高二,13,物化政,女
ZMOI,TLZNOBUFX,高二,13,物化政,女
EVFH,SOFCYLJJP,高二,2,物化政,女
CJLR,TBDQJWCXD,高二,6,物化政,女
OWYA,IEECATUHX,高二,12,物化政,男
HXAW,BRADRLKPN,高二,18,物化政,男
CGEU,RTLYZXGYH,高二,6,物化政,女
GRBR,BAFLWVYRF,高二,17,物化政,男
TNBE,WGCTGNCTW,高二,16,物化政,女
JRAZ,FANZSSDUN,高二,18,物化政,男
HSXT,AFQVBWTLG,高二,5,物化政,女
WKAQ,DELDLMXJF,高二,16,物化政,男
DUEH,WBNNGYHDR,高二,6,物化政,女
YJFC,DQKWTEJTO,高二,8,物化政,女
TEWC,RNXWVPCTK,高二,8,物化政,男
UTBF,AVVIUDRWL,高二,16,物化政,男
UJTP,GUNHNJPBS,高二,4,物化政,女
LQDL,YOYHHHMHE,高二,17,物化政,女
TJHE,UEWGNRIKA,高二,13,物化政,女
VHJO,YMQNXCXOF,高二,8,物化政,女
ABMA,RXXRHUZUZ,高二,3,物化政,女
ARGU,MYJKQZIAJ,高二,2,物化政,女
MQWS,NEABSNLYF,高二,18,物化政,男
EOKL,BHTXHJVGE,高二,4,物化政,男
UDZS,GUAZFSJQH,高二,2,物化政,男
ICSF,LHLLWKRGY,高二,15,物化政,女
KACX,VEKPRJQBV,高二,4,物化政,女
GFZX,EMNYBALPJ,高二,5,物化政,男
KFJQ,YCGBHEENB,高二,15,物化政,女
TOVE,MWFFFHKCX,高二,5,物化政,男
RRSC,ZQPVHCQXS,高二,16,物化政,女
CJZB,YQTCXCALD,高二,19,物化政,男
AKMZ,DNYUVDDEL,高二,10,物化政,男
ZDND,ULTAYFKYW,高二,5,物化政,男
FOSI,WESNQZDBC,高二,6,物化政,男
TYHT,YPFFGDAVG,高二,14,物化政,女
AYAV,SRKDBJZSM,高二,16,物化政,女
MOXH,BIASGMLVB,高二,2,物化政,女
ZTAP,PTBUKTUZQ,高二,18,物化政,男
JYEK,JJCEOABDU,高二,20,物化政,女
CTUA,JCAZDTTEQ,高二,17,物化政,女
OTPR,KDZSGNTSH,高二,13,物化政,女
EWSK,VXXWHKHNM,高二,13,物化政,女
RXZC,ZRTWWAJLQ,高二,8,物化政,男
NZNF,ZYRIMZFRB,高二,16,物化政,女
NDIU,NQLIIYLKP,高二,3,物化政,女
MEHU,CGUKIFELH,高二,14,物化政,女
MWYM,VELJOSGNN,高二,15,物化政,男
PTXD,AUDVCMLQB,高二,20,物化政,男
RRNK,MPOTDLDVC,高二,4,物化政,男
BLSM,FAKVGUQQO,高二,9,物化政,女
NDUS,OSLZHRTKI,高二,11,物化政,男
NKVU,ZEBWGRZFO,高二,14,物化政,男
FTKF,RVCEUOOUY,高二,8,物化政,女
JIUB,PDPLZZZJY,高二,5,物化政,男
BZYB,YYLSBJOXL,高二,14,物化政,女
XLWM,IUCOMFFMF,高二,4,物化政,女
CPAR,LPAIUBIWH,高二,3,物化政,男
LMJD,VLQSBWSYW,高二,14,物化政,男
RSPX,HDIBFFQGZ,高二,14,物化政,男
PYWX,FLFQTJUFW,高二,4,物化政,女
WERF,TMHWOMXFU,高二,7,物化政,女
QTZL,PBXMEXWID,高二,8,物化政,男
KKOR,ELYVWSRWW,高二,6,物化政,女
QIEB,NTFXARVSR,高二,8,物化政,女
PSUP,CTROXZOSI,高二,17,物化政,女
ICPX,OEFROXMUY,高二,2,物化政,女
RCJW,SJEPNDVHB,高二,12,物化政,女
BKUV,NZUJLDHDW,高二,7,物化政,男
DEER,NPOQHSFYI,高二,9,物化政,男
XENL,LPGSRUSHZ,高二,19,物化政,女
RAIT,DDDDJYIBB,高二,13,物化政,女
TVYC,BXDFIQJQZ,高二,18,物化政,女
WICY,XROVXBIPA,高二,12,物化政,男
PZAL,XTAMYCFRC,高二,5,物化政,男
NWUI,ZHWLFDWNK,高二,16,物化政,男
QUZT,SXXBKWRGV,高二,18,物化政,女
HEYC,STAHHPIGG,高二,18,物化政,男
KTMU,ZCJXOOIUF,高二,6,物化政,女
XIFE,BIFLSUSBV,高二,16,物化政,男
QFYG,OEBRYMVMR,高二,2,物化政,男
GAIA,NABHUVRCU,高二,15,物化政,男
BIOI,RAGPFTJAO,高二,13,物化政,女
HIED,HUCMQTKAF,高二,8,物化政,男
IBYW,GAGYLCRNZ,高二,2,物化政,男
MRGR,ACERZXBJI,高二,13,物化政,女
QTDX,VWEWPHWEE,高二,12,物化政,女
CVDK,KAWLQRLIP,高二,7,物化政,男
LOCS,GXLYXSPGA,高二,18,物化政,男
YAEH,MMCTUCWVC,高二,4,物化政,男
NFCI,RIISVHYAI,高二,14,物化政,女
HLQJ,TLHMIJCRH,高二,17,物化政,男
JOEV,XPHFFSEOE,高二,6,物化政,男
OAJN,EFMTPOLIY,高二,18,物化政,女
ZJTT,KJMUTHRGA,高二,18,物化政,男
OKNR,DJSVHVTFY,高二,14,物化政,男
XSPR,SYHUMWBXY,高二,10,物化政,女
KTKR,DRWHPJXYN,高二,6,物化政,男
MLKJ,HTXWSPBAV,高二,5,物化政,男
SAPY,FYNUFNEFG,高二,14,物化政,女
RMUZ,XVPXOPPKP,高二,19,物化政,女
NRPH,EBGMFBZGT,高二,8,物化政,男
EZLC,TFPFZZBTQ,高二,12,物化政,女
NEPA,FIRNQDQIT,高二,10,物化政,女
CYTF,WXHFUGTNX,高二,8,物化政,女
YAVE,RNPGCEZJN,高二,8,物化政,女
FOPS,EKGUXJWJD,高二,16,物化政,女
SZRN,JYBZENWZR,高二,19,物化政,女
IKVN,TOVYPNEVA,高二,10,物化政,女
MEHR,BOUMOEEBC,高二,16,物化政,女
DJST,GTNFDKNZV,高二,10,物化政,女
CZFL,MRUYFSOCB,高二,12,物化政,女
FVYA,UYZYNVJPH,高二,19,物化政,女
WHOR,EQUPCRERS,高二,5,物化政,男
AKTK,EWUGIMFCF,高二,14,物化政,男
MMGY,BLPUTRBOC,高二,5,物化政,男
PCOU,AQSVSECWH,高二,2,物化政,男
RIER,IJOOVWSPZ,高二,15,物化政,女
GTLP,JOZAPKURH,高二,12,物化政,女
MBJC,JMBYVXNNR,高二,10,物化政,男
VSXQ,AUTJCOQQD,高二,8,物化政,男
ULGY,BLOJYEQVZ,高二,18,物化政,男
TGLM,FUWDQETMK,高二,10,物化政,女
FVLY,PNOGKJHEO,高二,2,物化政,男
MQXI,DEUIHUANJ,高二,9,物化政,男
RXIP,SIGQTFJOV,高二,17,物化政,男
KVWO,RJIVYZUIZ,高二,19,物化政,男
LQLN,BRVMYBWTS,高二,18,物化政,女
IKAE,KEXIVSIRN,高二,16,物化政,女
HQMA,YDPWXHXKG,高二,6,物化政,女
FRVX,MKERNKJSA,高二,6,物化政,男
FUMK,ZFHYIWCCD,高二,10,物化政,男
YRNJ,EZIUOIJZL,高二,5,物化政,男
RCOK,EOMCWMKBI,高二,12,物化政,男
BVFK,VDEIMGGIQ,高二,12,物化政,女
ETQJ,DEVHQPCZP,高二,3,物化政,女
GDCU,YQLWADKJX,高二,15,物化政,男
RGBI,PVCOKBPRY,高二,14,物化政,男
ZDVB,ZBGVKRZKI,高二,6,物化政,男
QXRN,UYFLGNXFF,高二,16,物化政,女
ESAQ,LUNIDEFOE,高二,14,物化政,男
OWXT,SBIHBYUQW,高二,17,物化政,女
ABFT,VGQWEMEAR,高二,5,物化政,女
FQSN,OOILOCWKX,高二,7,物化政,女
WPAV,LJVHSMQHP,高二,18,物化政,女
IYTO,WQRSYNGFR,高二,15,物化政,男
KDPJ,JKDRXPBHU,高二,5,物化政,女
BDPV,KKOQGLWXB,高二,13,物化政,女
SYQX,VXGWIRXHS,高二,17,物化政,女
QKSU,DMJZKCFAO,高二,14,物化政,男
SVZW,TETFOIXRQ,高二,12,物化政,女
FZTJ,NJYMGGYJK,高二,10,物化政,男
NRWO,CDKGCLTAR,高二,13,物化政,男
HVTT,DMFROSRWC,高二,5,物化政,男
ILNK,NMRHIENOE,高二,7,物化政,女
XZNQ,FZUXHUZOA,高二,2,物化政,女
LDQI,SLPQMNYUS,高二,17,物化政,女
CAUA,MTSVRSRNF,高二,16,物化政,女
KPWK,JDNXAAOMM,高二,17,物化政,男
FCZX,ZAPOTLFTP,高二,15,物化政,女
SRXO,KZBMYIKYB,高二,10,物化政,女
QPEN,RWAAKCNOQ,高二,3,物化政,男
OEUX,SAUACQTXK,高二,20,物化政,男
AFLG,SZXBDXKFJ,高二,2,物化政,男
KBDW,MXEERWJIJ,高二,14,物化政,男
LJMH,PTYHDGIYQ,高二,17,物化政,男
TJGU,NONWHBOQK,高二,7,物化政,女
LZPE,LTCITGNGB,高二,5,物化政,男
KUDD,JHPSEYQDD,高二,3,物化政,男
RFEI,NTCRPEBHB,高二,20,物化政,男
UMOZ,GKGTIKQSR,高二,10,物化政,男
PYFR,JDDWUIBRY,高二,20,物化政,女
UQMF,KBJECTRMN,高二,18,物化政,女
KOZI,HIZRUXTGI,高二,18,物化政,男
GSSC,IFOYEJWKU,高二,14,物化政,女
ECRI,XUYEBOHJI,高二,2,物化政,男
BFWQ,IEFFNSMIL,高二,2,物化政,女
VBHX,NESCDLBJY,高二,15,物化政,男
CYEH,UDTKASUQK,高二,15,物化政,女
IKTU,SFJTIUZVE,高二,17,物化政,女
VSDG,XGDWHFGUT,高二,2,物化政,女
GZXL,ZGYQPMKDC,高二,5,物化政,男
VAEY,STEXDPEVU,高二,18,物化政,男
YKEX,VRLCGCMNG,高二,17,物化政,女
QQGQ,PHORUNPDE,高二,14,物化政,女
ZOEV,QHRDRYSAA,高二,19,物化政,女
IJTF,RPYYDCGFQ,高二,20,物化政,女
FRAM,MGPYIHTJN,高二,16,物化政,男
IUQG,CZUPNXTQJ,高二,16,物化政,男
DBDN,NTTHXNRBJ,高二,11,物化政,男
TRSM,ZDPISVFWB,高二,16,物化政,女
KBXR,WEEEECEGU,高二,4,物化政,男
BVBT,HXQZZBEBJ,高二,15,物化政,女
NFGL,HIBTKUVVX,高二,16,物化政,男
ZOWF,BXNQEFKHO,高二,4,物化政,女
XFCT,BXVWCJMQA,高二,20,物化政,男
NUJT,OBNFFPTMV,高二,20,物化政,男
EZQW,QHGGZXQNR,高二,3,物化政,男
DZGG,EXYKVDEEI,高二,15,物化政,女
KTLB,ANAWSDGPV,高二,7,物化政,女
SHRO,BPEXKVZWI,高二,17,物化政,男
FPKW,IYAUWKDRQ,高二,15,物化政,女
CKBB,ODGWEJDSZ,高二,2,物化政,女
HWVN,PUCFRMPFS,高二,2,物化政,女
PAKW,GNWCJALYO,高二,13,物化政,女
VVVD,ATLSWBWWY,高二,12,物化政,男
HYCX,CAJMRIOBB,高二,3,物化政,男
BCZO,NOPYYGQFR,高二,2,物化政,女
QZQI,IZNXTEFFV,高二,14,物化政,女
MWOR,NTXQTHGSD,高二,17,物化政,女
HVPW,MWIYGROLY,高二,15,物化政,女
IKOQ,PROMNFWDS,高二,13,物化政,男
JMQH,HSFAUERIF,高二,13,物化政,女
MCAL,STGZQXHSQ,高二,13,物化政,男
NYZV,REKRHBBHP,高二,15,物化政,女
JQNK,DJIVBEMUI,高二,6,物化政,女
TCXE,YRPFBIUTJ,高二,5,物化政,男
CKJQ,RDFDATVNK,高二,9,物化政,女
SZVU,SGWKZEJYC,高二,6,物化政,女
OESW,TVWPBICIZ,高二,11,物化政,女
TQKN,IVSOGSWDZ,高二,3,物化政,男
WZPY,YPVNWRZDD,高二,13,物化政,男
QVYS,AKZMNLMIL,高二,15,物化政,男
LDKH,KVVVUDRFS,高二,6,物化政,女
XSOI,KXLGYXXWC,高二,16,物化政,女
BCMH,IHQJMBUVW,高二,10,物化政,男
MCZO,UHPAALIVI,高二,3,物化政,女
SHEF,OWNSULQNH,高二,17,物化政,女
UNAS,CHDDGJPPG,高二,4,物化政,男
ELXW,MMLYINBSI,高二,4,物化政,男
LXLL,GQEJFJWTZ,高二,12,物化政,男
EXLE,URTBGWDHE,高二,12,物化政,男
LWTZ,PKDPUDDMB,高二,10,物化政,男
NUWB,OSVCTJVMI,高二,16,物化政,男
JSUV,PFNRHBBYE,高二,13,物化政,女
HSEN,PEBWOKHKJ,高二,18,物化政,女
DEIQ,WPNYOTJOE,高二,12,物化政,男
QWHN,FCZRXYGOO,高二,13,物化政,女
HEZO,SUAACAFHD,高二,11,物化政,男
QJKX,KBNDYSIOL,高二,8,物化政,女
SHOR,ORNKXTITS,高二,3,物化政,男
KYES,RNBPQXJSP,高二,5,物化政,女
UUGD,JZYYNRNXF,高二,15,物化政,女
AHTJ,CNMQRTVBQ,高二,8,物化政,女
MCKQ,EFMADWDIO,高二,18,物化政,女
BJDF,NFLBRBRBB,高二,11,物化政,女
WGNR,CPCLQABPJ,高二,7,物化政,男
TDOI,XLFAVZZLW,高二,12,物化政,女
WZPY,MRQLVQKKF,高二,4,物化政,男
DFMD,XEDMRQNVX,高二,20,物化政,女
DLQL,VMCZPDQZN,高二,10,物化政,女
WWQI,HKXXKSWLL,高二,11,物化政,女
MODC,WEYSPLQOP,高二,6,物化政,女
CWFY,SGKONUMCC,高二,7,物化政,女
SGKI,SFLUTOQAD,高二,18,物化政,男
DVBU,PXDYEKHDC,高二,6,物化政,女
SJFI,NKXQNGNJG,高二,16,物化政,男
UNZY,XLKTSDECN,高二,16,物化政,女
BHCE,FXSLPATMK,高二,19,物化政,女
KJCJ,XZQVFRDUX,高二,18,物化政,男
AOJO,EMBHCDZKY,高二,19,物化政,男
DNHG,ORFQCQMVO,高二,17,物化政,男
VUST,RQDLVNTEQ,高二,2,物化政,男
GQJF,KFHOIRMOY,高二,11,物化政,女
KNEC,JAMNHTKNT,高二,15,物化政,男
GOLO,QYPDLCZPO,高二,3,物化政,女
SCMF,WXBOPQNDS,高二,7,物化政,女
SHPZ,VFUTXSZKV,高二,13,物化政,男
WXTG,TPLOGYWQF,高二,20,物化政,男
AFPM,RHRINWNPA,高二,17,物化政,男
YUSC,WYJTMTYJT,高二,10,物化政,女
SRLD,MDEIUATIN,高二,17,物化政,男
CURE,OGGJKEVPR,高二,4,物化政,女
ONNL,YNSCAKFRL,高二,5,物化政,男
HQKW,NWVFJGESK,高二,12,物化政,女
OHHY,AHFPESNQE,高二,17,物化政,女
WIPQ,YPCEHSAYQ,高二,18,物化政,男
OZEV,JKKXRVZFP,高二,7,物化政,男
GBYK,KFNAWZTHM,高二,18,物化政,女
VTBV,PIJISDPKB,高二,20,物化政,男
尹康,61523436,高二,14,物化政,男
